来源,分类,标题,详细提示词,来源链接,许可证,风险备注
EvoLinkAI/awesome-gpt-image-2-API-and-Prompts,character,Anime wallpaper for foldable phone — colorful aesthetic,请为我生成一个适用于折叠屏手机（Oppo find N6，内屏2480 × 2248 像素，外屏2616 × 1140 像素，比例适配即可，不需要完全对齐一样的像素大小）的4k壁纸，壁纸主体为动漫，风格中性壁纸适用于男性使用，但是动漫角色是女生，女生略为阳光且内敛，这个女生不能有太多的媚态。风格建议：唯美风。整个图片的色调偏向色彩多样化鲜艳方向，注意头发线条整洁，不要过于杂乱和生硬。直接做一个可以两屏适配的横纵可裁切大图。,https://github.com/EvoLinkAI/awesome-gpt-image-2-API-and-Prompts/blob/main/cases/character.md,CC0 1.0,
EvoLinkAI/awesome-gpt-image-2-API-and-Prompts,character,Anime wallpaper for foldable phone — dark cool style,请为我生成一个适用于折叠屏手机（Oppo find N6，内屏2480 × 2248 像素，外屏2616 × 1140 像素，比例适配即可，不需要完全对齐一样的像素大小）的4k壁纸，壁纸主体为动漫，风格中性壁纸适用于男性使用，但是动漫角色是女生，短发。风格建议：酷、耍帅风格，但是不要像那种二次元手游一样，可以带一些未来元素。整个图片的色调适合黑色折叠屏手机风格，注意头发线条整洁，不要过于杂乱和生硬。这个图片人物占比不要太大，否则放到手机上效果不好。,https://github.com/EvoLinkAI/awesome-gpt-image-2-API-and-Prompts/blob/main/cases/character.md,CC0 1.0,
EvoLinkAI/awesome-gpt-image-2-API-and-Prompts,character,Pixel game concept board from TV drama theme,"爱情公寓 电视剧主题 像素养成类游戏概念图，包括场景全局内容，周围环绕各人物形象三视图，底部是场景特写，右下角是剧情梗概。

随机一个经典国内古装电视剧，生成古装电视剧主题像素养成类游戏概念图，包括场景全局内容，周围环绕各人物形象三视图，底部是场景特写，右下角是剧情梗概。

「XXX」电视剧主题像素养成类游戏概念图，包括场景全局内容，周围环绕各人物（人物别重复）形象三视图，底部是场景特写，右下角是剧情梗概。",https://github.com/EvoLinkAI/awesome-gpt-image-2-API-and-Prompts/blob/main/cases/character.md,CC0 1.0,
EvoLinkAI/awesome-gpt-image-2-API-and-Prompts,character,Saint Seiya Gold Saints Card Grid,"生成圣斗士星矢12个黄金圣斗士的12宫格卡牌图片,每张卡牌上写上对应的中文名,每行4个,宽高比16:9。",https://github.com/EvoLinkAI/awesome-gpt-image-2-API-and-Prompts/blob/main/cases/character.md,CC0 1.0,可能包含品牌/IP引用
EvoLinkAI/awesome-gpt-image-2-API-and-Prompts,comparison,Autobots Assembled at Lunar Base,"图片1：汽车人全员月球基地集结，地球悬于身后星空，赛博坦旗帜飘扬

图片2：霸天虎全员列阵外星战舰甲板，威震天坐于王座俯视全军",https://github.com/EvoLinkAI/awesome-gpt-image-2-API-and-Prompts/blob/main/cases/comparison.md,CC0 1.0,
EvoLinkAI/awesome-gpt-image-2-API-and-Prompts,comparison,China Aerospace Commemorative Stamp Sheet,中国航天纪念邮票小全张，火箭发射场景，烫金边框工艺,https://github.com/EvoLinkAI/awesome-gpt-image-2-API-and-Prompts/blob/main/cases/comparison.md,CC0 1.0,
EvoLinkAI/awesome-gpt-image-2-API-and-Prompts,comparison,Douyin Livestream Sales Screenshot,生成一个抖音直播的截图 里面是一个美女在直播，在卖丝袜和内衣，她的在线人数是99996，热度是18+，有个叫小互的大哥，给她刷了一个飞机礼物,https://github.com/EvoLinkAI/awesome-gpt-image-2-API-and-Prompts/blob/main/cases/comparison.md,CC0 1.0,可能包含品牌/IP引用
EvoLinkAI/awesome-gpt-image-2-API-and-Prompts,comparison,Eastern Fantasy Female Half-Portrait,"东方幻想风格女性，半身肖像，回眸侧脸，气质空灵优雅，柔和神性美感，细腻五官，微垂眼神，冷白细腻肌肤，淡雅橘粉妆容，金色高光点缀

长发飘动，发丝中融入彩色花朵与光粒（红、蓝、橙、紫），头发具有流动感与空气感

身穿半透明丝绸礼服与披肩，材质轻盈通透，布料随风飘动，表面带有鎏金纹理与闪耀颗粒。

整体光影为暖金色逆光，强边缘光，体积光明显，光粒漂浮，柔光泛光，梦幻氛围

背景干净浅色渐变，带微光与粒子效果，整体氛围空灵、梦境、神圣

风格：高端CG插画，超精细，电影级光影，柔光渲染，8K细节，artstation 热门作品风格",https://github.com/EvoLinkAI/awesome-gpt-image-2-API-and-Prompts/blob/main/cases/comparison.md,CC0 1.0,
EvoLinkAI/awesome-gpt-image-2-API-and-Prompts,comparison,GPT-Image-2 Detail Showcase,"以眼部特写图片为基础，生成3:4的四屏构图超写实眼部特写，四屏按春夏秋冬上下排序。

第一屏：眼眸中带着绽粉樱色的美瞳，睫毛缀满迷你春花，脸颊散落樱瓣与黄蕊小花，粉蝶萦绕眉眼，浅金发丝轻垂，下方簇簇樱花怒放，画面中央""SPRING""白色艺术字点缀，风格细腻唯美，光影柔和，色彩粉嫩治愈，下面用书法体写着春；

第二屏：眼眸中带着着清荷色的美瞳，睫毛饰以粉莲与绿荷，脸颊挂着晶莹水珠，粉瓣、绿荷点缀其间，蜻蜓轻绕，浅金发丝若隐若现，画面中央""Summer""白色艺术字凸显，光影通透流光感，色彩清透凉爽，下面用书法体写着夏；

第三屏：眼眸中带着金黄红相间的美瞳，睫毛饰以橙红枫叶，脸颊散落金红秋叶，橙蝶翩跹眉眼间，浅金发丝隐约可见，画面中央""AUTUMN""白色艺术字醒目，光影暖金流光，色彩浓郁温暖，下面用书法笔写着秋；

第四屏：眼眸中带着雪花蓝色的美瞳，睫毛覆满冰晶雪片，脸颊散落白色雪花与红色腊梅，银白蝴蝶翩跹眉眼，浅金发丝朦胧似雪，画面中央""WINTER""白色艺术字亮眼，光影冷冽蓝白流光，色彩清透纯净，下面用书法体写着冬。

整体呈现梦幻眼眸四季交替的唯美梦幻治愈画面，微调各屏的光影强度，让画面氛围感更浓郁。",https://github.com/EvoLinkAI/awesome-gpt-image-2-API-and-Prompts/blob/main/cases/comparison.md,CC0 1.0,
EvoLinkAI/awesome-gpt-image-2-API-and-Prompts,comparison,Historical Yang Guifei Realistic Portrait,根据真实历史对杨玉环的形象描述，生成一张杨贵妃真实照片，画质为iPhone 15 pro,https://github.com/EvoLinkAI/awesome-gpt-image-2-API-and-Prompts/blob/main/cases/comparison.md,CC0 1.0,可能包含品牌/IP引用
EvoLinkAI/awesome-gpt-image-2-API-and-Prompts,comparison,Interior Design Mood Board Generator,"GPT Image 2 室内设计情绪板生成器

提示词：
（室内设计情绪板生成器 / Interior Design Mood Board Generator）
你是一名专业的室内设计 Mood Board 创作者。请基于用户提供的 [Space Type] 室内设计照片，生成一张 竖版 3:4 的高端室内设计情绪板。整体视觉参考专业室内设计提案图，呈现 [Style Keywords] 的审美特征，画面应具备 [Mood Keywords] 的空间氛围，并符合 [Branding Tone] 的高级设计表达。
场景类型（Space Type）：[Space Type]
画面布局要求
上半部分：呈现一张高分辨率、照片级真实感的 [Space Type] 室内设计效果图。

该效果图需要在空间结构、家具语言、材质关系、色彩搭配、光影氛围上与用户输入照片保持一致，同时提升为更完整、更精致、更具设计提案感的视觉呈现。

重点体现：[Key Furniture Elements]、[Material Keywords]、[Color Palette]、[Lighting Style]。
下半部分：展示与上方空间设计严格对应的材质与软装样本，包括：
材料样板
面料样本
色卡
饰面样本
与该空间相关的木材、石材、金属、玻璃、织物、皮革或涂料样本

所有样本必须与上方空间保持一致，并准确反映该设计方案中的核心材质与色彩逻辑。
右下角：设置一个 Design Legend / Color Palette 信息框，统一展示本方案的：
主色
辅助色
点缀色
核心材质
饰面说明
风格关键词
风格与输出要求
专业室内设计公司级别的 Mood Board 版式
极简、整洁、克制、有秩序的排版
明确的视觉层级与留白控制
材质、色彩、面料、饰面与上方空间完全匹配
标签清晰、现代、简洁，具有高级编辑设计感
整体气质需符合 [Style Keywords]
呈现 [Render Quality]
竖版 3:4 构图
4K Ultra HD
超高细节
写实渲染
直接用于图像生成
标签要求
每个材质或色彩样本配有清晰标签，标签内容围绕以下信息组织：

[Label Language] 的材质名称、颜色名称、饰面名称或织物类型。

标签风格应简洁、专业、排版规整，不喧宾夺主。
主题定义
[Space Type] Interior Design Mood Board

风格方向：[Style Name]

关键词：[Style Keywords], [Material Keywords], [Color Palette], [Mood Keywords]
负面约束
避免杂乱拼贴、避免廉价海报风、避免材质与空间不匹配、避免错误透视、避免低质字体、避免装饰元素过多、避免卡通感、避免过饱和色彩、避免信息层",https://github.com/EvoLinkAI/awesome-gpt-image-2-API-and-Prompts/blob/main/cases/comparison.md,CC0 1.0,
EvoLinkAI/awesome-gpt-image-2-API-and-Prompts,comparison,Lion Camel Ridge Dark Myth Scene,中式怪异，黑暗神秘风格融合中式美学，完美细节，多重管线渲染，完美建模。西游记背景，狮驼岭，千妖万怪，坐在左边巨大王座上的大象王重甲妖精，坐在中间巨大王座上的狮王重甲妖精，坐在右边巨大王座上大鹏鸟王重甲妖精。渺小的背对镜头孙悟空肩抗金箍棒步行前进，孙悟空身穿铠甲，近地仰拍镜头，长焦镜头，强烈阴影。极致细节刻画，多次修改，正确透视和主体线条，精致细节,https://github.com/EvoLinkAI/awesome-gpt-image-2-API-and-Prompts/blob/main/cases/comparison.md,CC0 1.0,
EvoLinkAI/awesome-gpt-image-2-API-and-Prompts,comparison,Lu Bu Boss Design Sheet,吕布游戏Boss设定，赤兔马方天画戟，暗黑进化形态双形态对比,https://github.com/EvoLinkAI/awesome-gpt-image-2-API-and-Prompts/blob/main/cases/comparison.md,CC0 1.0,
EvoLinkAI/awesome-gpt-image-2-API-and-Prompts,comparison,Lu Xun Morning Flowers Illustration,结合鲁迅的《朝花夕拾》里的内容，生成一副图片，要求图片背景符合《朝花夕拾》的意境，背景图可以使用蒙版，前景是 鲁迅的全身画像位于图片左侧或右侧,https://github.com/EvoLinkAI/awesome-gpt-image-2-API-and-Prompts/blob/main/cases/comparison.md,CC0 1.0,
EvoLinkAI/awesome-gpt-image-2-API-and-Prompts,comparison,Multi-Concept Battle Poster Set,"1、生成不知火舞和貂蝉的游戏对战海报图
2、生成一张K-pop团体时尚专辑封面
3、请你生成 《斗破苍穹》 的关键人物关系图
4、帮我截一张上传图片的抖音首页的女网红图",https://github.com/EvoLinkAI/awesome-gpt-image-2-API-and-Prompts/blob/main/cases/comparison.md,CC0 1.0,可能包含品牌/IP引用
EvoLinkAI/awesome-gpt-image-2-API-and-Prompts,comparison,Naturalist-Style Food Specimen Cross-Section,"一颗/一块/一枚【食物名称】，以博物学大师发现野外标本的方式解剖。
剖开、展开、固定——如同博物馆的珍贵藏品，
却以卡拉瓦乔为《国家地理》掌镜时的光线照亮。
每一个内部结构都以自身的材质真相发光。
截面锋利得近乎暴力。内部美丽得近乎神圣。
画面中呈现完整标本：
一半保持原状，展示【外表面描述：质感/颜色/纹理】；
另一半剖开至核心，【内部核心结构描述：最重要的1—2个内部视觉特征】清晰可见。
【补充1—2句该食物最具视觉张力的横截面细节描述】
背景：纯粹的黑丝绒。
【食物名称】悬浮其中，如同某件珍贵而危险的事物。
标注文字紧贴结构边缘，手写感衬线字体，绝不悬空飘浮。
画面包含以下标注，每处标注三行：第一行结构名称，第二行成分数据，第三行一句人话：
【结构01名称】
【成分／数据说明】
【这个结构在做什么，为什么重要】

【结构02名称】
【成分／数据说明】
【这个结构在做什么，为什么重要】
【结构03名称】
【成分／数据说明】
【这个结构在做什么，为什么重要】
【结构04名称】
【成分／数据说明】
【这个结构在做什么，为什么重要】
【结构05名称】
【成分／数据说明】
【这个结构在做什么，为什么重要】

【结构06名称】
【成分／数据说明】
【这个结构在做什么，为什么重要】
省略其他如果有继续保持这个格式
主标题，左上角，暖象牙白大写字体：
【食物名称】·解剖

斜体副标题紧随其下：
【一句揭示这种食物本质的话，不超过15字】

整体气质：奥杜邦博物插画×卡拉瓦乔光影×有史以来最美的科学摄影。
4K精度，标本照明，极致内部细节。
没有任何临床感，一切都鲜活。
写实风格，非示意图，非卡通，非简化图解。
每一种材质都有真实的物理质感：
粗糙的、光滑的、湿润的、干燥的、致密的、疏松的。",https://github.com/EvoLinkAI/awesome-gpt-image-2-API-and-Prompts/blob/main/cases/comparison.md,CC0 1.0,
EvoLinkAI/awesome-gpt-image-2-API-and-Prompts,comparison,New Chinese Minimalist Floral Illustration,"新中式极简东方美学 × 高端商业插画，主题一花一世界，
极简，克制，空灵，高级商业视觉，超现实东方意境，
画面干净通透，无灰雾、无脏色，

一朵巨大的荷花作为空间容器，从平静水面自然生长，轻微倾斜，构图优雅留白充足，

低饱和干净粉色，柔和胭脂调，花瓣半透明，轻盈通透，
哑光低对比，边缘柔化 + 轻微景深，

荷花内部为唯一视觉焦点：发光的3D微缩广州城市，包含：广州塔，珠江新城建筑群，猎德大桥，珠江水岸，少量岭南建筑，

城市超精细结构，真实材质，极高细节清晰度，城市高光是暖金色，城市阴影是冷青蓝，形成冷暖对比，

灯光通透有能量，局部高饱和但不泛滥，城市亮度明显高于荷花，

水面清澈极简平静，仅少量柔和涟漪，弱反射，

背景暖米白宣纸质感，无水墨、无笔触，大面积留白，
中心有极轻微光晕渐变，整体通透、不灰、不闷，

画面下方一艘极简小船，船上一位红衣渔女，极小比例，
静立仰望荷花，红色为唯一高纯度点缀，

整体光线通透、干净、有层次，无灰雾、无泛白，
高端CG商业插画，电影级真实光影，高动态范围，超精细，8K细节，ArtStation 级画质，强化分色，干净调色，青橙对比，暖高光冷暗部，仅城市灯光提亮饱和度，色调柔和通透，光影锐利明亮，无灰雾、无暗沉、无低饱和雾化。",https://github.com/EvoLinkAI/awesome-gpt-image-2-API-and-Prompts/blob/main/cases/comparison.md,CC0 1.0,
EvoLinkAI/awesome-gpt-image-2-API-and-Prompts,comparison,Nezha Dark Fantasy Novel Cover,玄幻小说封面，哪吒三头六臂悬浮虚空，火焰莲台底座，暗黑史诗风,https://github.com/EvoLinkAI/awesome-gpt-image-2-API-and-Prompts/blob/main/cases/comparison.md,CC0 1.0,
EvoLinkAI/awesome-gpt-image-2-API-and-Prompts,comparison,Realistic Guanyin Portrait from Buddhist Texts,根据佛经对观音菩萨的形象描述，原原本本的还原一张真实的观音菩萨形象照片，皮肤与衣服接近真实，画质iPhone 15 pro,https://github.com/EvoLinkAI/awesome-gpt-image-2-API-and-Prompts/blob/main/cases/comparison.md,CC0 1.0,可能包含品牌/IP引用
EvoLinkAI/awesome-gpt-image-2-API-and-Prompts,comparison,Retro Programming Museum Cartoon,"在计算机博物馆里,一个程序员在展厅中央,正在演示C语言编程,很多参观者在围观,屏幕上的代码清晰可见。旁边的牌子写着:古法编程,现场表演。2D卡通画风,16:9",https://github.com/EvoLinkAI/awesome-gpt-image-2-API-and-Prompts/blob/main/cases/comparison.md,CC0 1.0,
EvoLinkAI/awesome-gpt-image-2-API-and-Prompts,comparison,Silhouette Universe Narrative Poster,"请根据【主题：xxx】自动生成一张高审美的“轮廓宇宙 / 收藏版叙事海报”风格作品。不要将画面局限于固定器物或常见容器，不要优先默认瓶子、沙漏、玻璃罩、怀表之类的常规载体，而是由 AI 根据主题自行判断并选择一个最契合、最有象征意义、轮廓最强、最适合承载完整叙事世界的主轮廓载体。这个主轮廓可以是器物、建筑、门、塔、拱门、穹顶、楼梯井、长廊、雕像、侧脸、眼睛、手掌、头骨、羽翼、面具、镜面、王座、圆环、裂缝、光幕、阴影、几何结构、空间切面、舞台框景、抽象符号或其他更有创意与主题代表性的视觉轮廓，要求合理布局。优先选择最能放大主题气质、最能形成强烈视觉记忆点、最能体现史诗感、神秘感、诗意感或设计感的轮廓，而不是最安全、最普通、最常见的容器。

画面的核心不是简单把世界装进某个物体里，而是让完整的主题世界自然生长在这个主轮廓之中、之内、之上、之边界里或与其结构融为一体，形成一种“主题宇宙依附于一个象征性轮廓展开”的高级叙事效果。主轮廓必须清晰、优雅、有辨识度，并在整体构图中占据核心地位。轮廓内部或边界中需要自动生成与主题强绑定的完整叙事世界，内容应当丰富、饱满、层次清晰，包括最能代表主题的标志性场景、核心建筑或空间结构、象征符号与隐喻元素、角色关系或文明痕迹、远景中景近景的空间递进、具有命运感和情绪张力的氛围层次，以及门、台阶、桥梁、水面、烟雾、路径、光源、遗迹、机械结构、自然景观、抽象形态、生物或道具等叙事细节。所有元素必须统一、自然、有主次、有层级地融合，像一个完整世界真实孕育在这个轮廓结构之中，而不是简单拼贴、裁切填充、素材堆叠或模板化背景。

整体构图需要具有强烈的收藏版海报气质与高级设计感，大结构稳定，主轮廓强烈明确，内部世界具有纵深、秩序和呼吸感，细节丰富但不拥挤，内容丰满但不杂乱，可以适度加入小比例人物剪影、远处建筑、光柱、门洞、桥、阶梯、回廊、倒影、天光或远景结构来增强尺度感、故事感与史诗感。整体画面要安静、宏大、凝练、富有余味，不要平均铺满，不要廉价热闹，不要无重点堆砌。

风格融合收藏版电影海报构图、高级叙事型视觉设计、梦幻水彩质感与纸张印刷品气质，强调纸张颗粒感、边缘飞白、水彩刷痕、轻微晕染、空气透视、柔和雾化、局部体积光、光雾穿透、大面积留白与克制版式，让画面看起来像设计师完成的高端收藏版视觉作品，而不是普通 AI 跑图。整体气质要高级、诗意、宏大、神圣、怀旧、安静、具有传说感和叙事感。

色彩由 AI 根据主题自动判断并匹配最合适的高级配色方案，但必须保持统一、克制、耐看、低饱和、高级，不要杂乱高饱和，不要廉价霓虹感，不要塑料数码感。配色可以围绕黑金灰、冷蓝灰、雾白灰、褐红米白、暗铜、旧纸色、深海蓝、暮色紫、银灰等体系自由变化，但必须始终服务主题，并保持海报级审美与整体和谐。

最终要求：第一眼有强烈的主题识别度和轮廓记忆点，第二眼有完整丰富的叙事世界，第三眼仍有细节和余味。轮廓选择必须具有创意和主题匹配度，尽量避免重复、保守、常见的容器套路，优先选择更有象征性、更有空间感、更有设计潜力的轮廓形式。不要普通背景拼接，不要生硬裁切，不要模板化奇幻素材，不要游戏宣传图感，不要过度卡通化，不要过度写实导致失去艺术感，不要形式大于内容。如果合适，可以自然加入低调克制的标题、编号、签名或落款，让它更像收藏版海报设计的一部分，但不要喧宾夺主。",https://github.com/EvoLinkAI/awesome-gpt-image-2-API-and-Prompts/blob/main/cases/comparison.md,CC0 1.0,
EvoLinkAI/awesome-gpt-image-2-API-and-Prompts,comparison,Social App Match Success Screen,社交App匹配成功界面，两个用户资料卡碰撞爱心特效,https://github.com/EvoLinkAI/awesome-gpt-image-2-API-and-Prompts/blob/main/cases/comparison.md,CC0 1.0,
EvoLinkAI/awesome-gpt-image-2-API-and-Prompts,comparison,Su Daji Ancient-Style Glamour Portrait,苏妲己古风写真，红色纱衣半透，狐耳若隐若现，媚态撩人,https://github.com/EvoLinkAI/awesome-gpt-image-2-API-and-Prompts/blob/main/cases/comparison.md,CC0 1.0,
EvoLinkAI/awesome-gpt-image-2-API-and-Prompts,comparison,Subway Candid Phone Snapshot,"地铁上低头看手机的美丽女人，偷拍照片。

能免费试一次 ⬇️",https://github.com/EvoLinkAI/awesome-gpt-image-2-API-and-Prompts/blob/main/cases/comparison.md,CC0 1.0,
EvoLinkAI/awesome-gpt-image-2-API-and-Prompts,comparison,Surreal Japanese Futuristic City Illustration,参考这张图的透视和风格，绘制一张更加精细的超高清插画，表现超现实主义的日式未来都市，要能看清很小的细节，包括街道上的传统文化游行的人，小巷里的黑帮，烟花巷的舞女，疲惫的社畜，楼房的窗户里也有各式各样的人物，学习的学生，吵架的夫妻，玩游戏的宅男，以及更多的发挥细节。讽刺现实拥挤中的无聊，都市繁华下的孤独，无意义的人生中又有一种病态的美感。画面要有极高的审美价值 ，不能因为拼内容而损失美和协调感，比例是9:16,https://github.com/EvoLinkAI/awesome-gpt-image-2-API-and-Prompts/blob/main/cases/comparison.md,CC0 1.0,
EvoLinkAI/awesome-gpt-image-2-API-and-Prompts,comparison,Tang Dynasty Chang'an Lantern Festival Panorama,唐代长安城元宵灯会全景，万盏花灯照亮夜空，工笔重彩长卷,https://github.com/EvoLinkAI/awesome-gpt-image-2-API-and-Prompts/blob/main/cases/comparison.md,CC0 1.0,
EvoLinkAI/awesome-gpt-image-2-API-and-Prompts,comparison,Tushan Yaya Fantasy Glamour Portrait,狐妖小红娘涂山雅雅写真大片，粉色九尾狐裘紧身裙，媚眼如丝，红唇微张，极致妖媚,https://github.com/EvoLinkAI/awesome-gpt-image-2-API-and-Prompts/blob/main/cases/comparison.md,CC0 1.0,
EvoLinkAI/awesome-gpt-image-2-API-and-Prompts,comparison,Vertical Artistic Portrait of a Young Eastern Woman,"9:16 竖向构图，单人女性艺术肖像，年轻东方女生，五官清秀，脸部线条柔和，皮肤自然通透，保留真实肌理，气质安静高级，带一点疏离感和故事感。
摄影棚风格与自然光融合，柔和侧光，面部有细腻高光，阴影轻柔，整体光线通透不刺眼，带轻微黑雾滤镜效果，微朦胧、微泛光、空气感强。
背景极简干净，奶油灰、米白、浅卡其或雾感暖灰色墙面，留有大面积负空间，整体画面简洁、有呼吸感。
模特坐在地面或低台上，一条腿自然弯曲，一条腿放松伸展，身体轻微前倾或侧倾，肩膀不对称，头部轻轻倾斜，动作自然松弛，不刻意摆拍。
表情平静克制，眼神柔和，略微疏离，带一点若有所思的情绪，嘴唇自然微张或轻闭，状态慵懒、安静、细腻。
发型为自然蓬松的长发，微凌乱碎发，发丝轻柔，有空气感和层次感，像刚整理过但保留自然随性感。
妆容为高级淡妆，韩系清透底妆，皮肤柔雾光泽，鼻梁与面颊有自然高光，眉形干净，眼妆淡雅但有神，睫毛纤长，唇色为低饱和玫瑰豆沙色或奶茶裸粉色。
服装为简约高级风：米白色紧身罗纹针织背心，外搭宽松白衬衫或柔软针织开衫，下装为高腰半裙或简约短裤，布料柔软贴合身形但不过分暴露，呈现自然身体线条与文艺感。
画面强调细腻质感、柔和色调、轻法式与韩系杂志感结合，真实摄影感，电影级肤色，细节丰富，层次分明，构图克制，高级审美，时尚 编辑人像，柔和的电影感人像，细腻的质感，超高细节，逼真，优雅，精致，高端时尚摄影，含蓄的性感，简洁的构图。",https://github.com/EvoLinkAI/awesome-gpt-image-2-API-and-Prompts/blob/main/cases/comparison.md,CC0 1.0,
EvoLinkAI/awesome-gpt-image-2-API-and-Prompts,comparison,Vertical Wuxia Heroine Portrait,"9:16 竖版，极致武侠风，绝美东方女侠，20岁出头，冷艳锐利丹凤眼，眉宇英气逼人，肤白如玉，长直黑发湿漉漉随狂风剧烈飞舞，几缕发丝贴在脸颊和颈侧，穿着湿透的深黑改良武侠劲装，外披宽袖玄色长袍，衣袍和长袖被风吹得剧烈飘扬翻飞，紧身劲装勾勒身材，腰束软剑带，足踏长靴，右手持一把古剑，剑身散发幽蓝剑气光芒，动态姿势：身体微侧回眸，衣袂猎猎，背景为月夜雨雾笼罩的竹林古道，巨大明月高悬，石板小径，古灯笼，薄雾雨丝，戏剧性冷月光与蓝光剑气结合，湿身水光效果，超强动态感，细腻布料褶皱、头发丝飘动、真实水珠反光，电影级光影，8k，masterpiece, best quality, ultra realistic, cinematic, dramatic atmosphere",https://github.com/EvoLinkAI/awesome-gpt-image-2-API-and-Prompts/blob/main/cases/comparison.md,CC0 1.0,
EvoLinkAI/awesome-gpt-image-2-API-and-Prompts,comparison,视觉品牌拆解图,请帮我生成一张视觉品牌拆解图，稍后我需要用来生成讲解的视频。,https://github.com/EvoLinkAI/awesome-gpt-image-2-API-and-Prompts/blob/main/cases/comparison.md,CC0 1.0,
EvoLinkAI/awesome-gpt-image-2-API-and-Prompts,ecommerce,E-commerce Live Stream UI Mockup,"{
  ""type"": ""live stream UI mockup"",
  ""subject"": {
    ""description"": ""portrait of {argument name=""host name"" default=""Elon Musk""}, smiling, wearing a black t-shirt with a white technical schematic graphic"",
    ""background"": ""left side shows a screen with '{argument name=""left background logo"" default=""SPACEX""}' text, right side shows a red '{argument name=""right background logo"" default=""Tesla T logo""}' and a dark car""
  },
  ""ui_overlay"": {
    ""top_header"": {
      ""host_info"": ""avatar, name '{argument name=""host name"" default=""Elon Musk""}', subtext '55.6万本场点赞', red '关注' button"",
      ""rank_badge"": ""gold coin icon with '全站第1名'"",
      ""viewer_stats"": ""3 top viewer avatars with '12.3w', '8.6w', '5.7w', total '68.7万', 'X' close button"",
      ""right_links"": ""'更多直播 >', '礼物展馆 0/24' with blue '经典' tag""
    },
    ""mid_left_gifts"": {
      ""count"": 2,
      ""items"": [
        ""avatar '科技爱好者', '送小心心', heart icon x 1314"",
        ""avatar '星辰大海', '送火箭', rocket icon x 666""
      ]
    },
    ""bottom_left_chat"": {
      ""system_message"": ""level 37 badge '宇宙漫游者 加入了直播间'"",
      ""message_count"": 7,
      ""messages"": [
        ""小火箭: 马斯克!未来可期!🚀"",
        ""future: 特斯拉Model 2什么时候出?"",
        ""星空梦想家: SpaceX今年能上火星吗?"",
        ""AI探索者: Neuralink进展如何?"",
        ""帅气的网友: 马总好!"",
        ""Mars: 第一次来你的直播,超激动!"",
        ""用户123: 讲讲AI吧,会取代人类吗?""
      ]
    },
    ""bottom_right_product_card"": {
      ""hot_tag"": ""orange '热卖 x 1888'"",
      ""image"": ""Tesla Cybertruck"",
      ""title"": ""{argument name=""product name"" default=""特斯拉Cybertruck 电动皮卡""}"",
      ""price"": ""{argument name=""product price"" default=""¥ 1,618,000""}"",
      ""button"": ""red '抢' button"",
      ""floating_animation"": ""translucent hearts floating up the right edge""
    },
    ""bottom_bar"": {
      ""input_field"": ""'说点什么...'"",
      ""icons"": [""smiley face"", ""three dots"", ""shopping cart"", ""gift box"", ""share""]
    }
  }
}",https://github.com/EvoLinkAI/awesome-gpt-image-2-API-and-Prompts/blob/main/cases/ecommerce.md,CC0 1.0,可能包含品牌/IP引用; 可能包含公众人物/肖像引用; 可能涉及Logo/标识
EvoLinkAI/awesome-gpt-image-2-API-and-Prompts,portrait,9:16 Cosplayer Portrait Screenshot,生成一张竖版手机截图风格的图片，整体比例接近 9:16。画面中心偏上是一位真人 coser，扮演（角色名称）的二次元角色。人物为写实风格，但五官略带动漫感，皮肤细腻，眼睛稍大，表情温柔地看向镜头，坐在室内的休闲场景中，例如咖啡厅或酒吧吧台前，背景有符合场景的道具。画面最上方加入手机系统状态栏 UI，包括时间、电量、信号、网络等图标，让整张图看起来像手机截图。画面底部叠加一块宽大的半透明 galgame 风格对话框，对话框左侧放一个与画面人物对应的动漫或 Q 版头像；对话框右侧排版文字：第一行用较大字体显示与前面相同的角色名字，下面一到两行显示一段适合这个角色人设的、温柔治愈风格的简体中文台词，由你自动创作。再在对话框下方加一条操作栏，仿照 galgame UI。整体风格高清、细节丰富、光线柔和、二次元与真人写真自然融合。,https://github.com/EvoLinkAI/awesome-gpt-image-2-API-and-Prompts/blob/main/cases/portrait.md,CC0 1.0,
EvoLinkAI/awesome-gpt-image-2-API-and-Prompts,portrait,AI Self-Perception Portrait,根据你对我的认知 给我生成一个“你认识的我”的 图片,https://github.com/EvoLinkAI/awesome-gpt-image-2-API-and-Prompts/blob/main/cases/portrait.md,CC0 1.0,
EvoLinkAI/awesome-gpt-image-2-API-and-Prompts,portrait,Urban Turn-Back Street Portrait,该画面为中近景，采用平视镜头，聚焦于一位年轻女性。她以七分身镜头呈现，身体坐姿略带倾斜，臀部向后撅起，双腿自然交叠，左腿在前，右腿在后，膝盖微屈。她将上半身向右后方扭转，头部则转向镜头方向，形成一个经典的“回眸”姿态，目光直视镜头，眼神清澈而略带一丝俏皮。她的发型是蓬松的棕色齐肩短发，刘海自然垂落，发尾微卷，妆容清淡自然，仅在眼部有轻微眼线勾勒，唇色为自然裸粉。画面整体采用自然日光滤镜，光线从画面左上方斜射入，形成柔和的逆光轮廓，面部和身体右侧被温暖的金色光线照亮，左侧则形成自然的阴影过渡，增强了立体感。灯光效果是明亮的自然光，带有轻微的镜头眩光，营造出午后阳光的氛围。拍摄角度为平视，构图上，人物主体位于画面中偏右位置，背景中的斑马线与道路线条形成自然的引导线，将视线引向人物。背景为城市街道，包含道路、斑马线、绿化带和远处的车辆，背景被适度虚化，但依然可辨识出树木、护栏和停放的电动车等元素，构图上利用了三分法，人物位于右侧三分之一处，增强了画面的平衡感。主体穿着一件军绿色迷彩图案的连帽卫衣，下身搭配黑色短裤，脚穿白色高帮运动鞋配白色中筒袜。背包为黑色，带有橙黄色装饰条纹和一个橙色毛绒挂件，材质为帆布和皮革拼接。整体风格为街头休闲风，肢体语言放松自然，表情略带好奇与俏皮，整体呈现出一种随性、青春、充满活力的都市少女形象。,https://github.com/EvoLinkAI/awesome-gpt-image-2-API-and-Prompts/blob/main/cases/portrait.md,CC0 1.0,
EvoLinkAI/awesome-gpt-image-2-API-and-Prompts,portrait,写实感人物竖版照片,"生成一张 9:16 竖版写实感人物照片，参考高级手机自拍质感，但不要完全普通生活照。整体像是用 iPhone 前置摄像头在温馨卧室中拍摄的精致自拍，保留柔和美型、干净构图和自然高级感。画质为真实手机照片质感，有轻微噪点、轻微柔焦和自然光感，但人物依然精致、漂亮、肤质自然干净，不要变成粗糙低质照片。

画面中是一位成年东方女性，坐在温馨卧室床上，上半身近景自拍构图，镜头略微从上方俯拍，人物位于画面中央偏右，头部微微低下，视线安静看向右下方，表情自然、平静、温柔，嘴唇自然闭合，整体气质柔和、成熟、安静。 

人物拥有浅蓝色或冰蓝色长发，发丝自然蓬松，有轻微凌乱感，部分头发垂落在脸侧和肩颈周围。人物保持精致写实美型，脸型柔和自然，五官清秀，皮肤白皙但不过度磨皮，可保留少量真实肤质纹理、细小毛孔、轻微肤色不均和几处很淡的小黑痣，但整体仍然干净、柔和、好看。不要明显暗沉，不要粗糙脏感。

人物身材丰腴，肩颈线条柔和，胸部饱满，不卡通化。服装为浅蓝色丝缎吊带睡裙，带白色蕾丝花边，胸前有简洁小蝴蝶结和自然褶皱，布料柔软贴合身体，呈现真实丝缎材质光泽。人物一只手自然轻轻拉住肩带或肩部附近衣料，手指数量正常，姿态自然。 

背景为温馨卧室，有床铺、浅色床品、木质床头柜、暖黄色床头灯、窗帘和柔和室内光。背景轻微虚化，保留真实居家空间感。光线为室内暖光与自然光混合，略微偏暖，画面柔和、亲密、生活化，但保持干净高级。

整体风格：写实手机自拍、高级自然美型、轻微 iPhone 前置摄像头质感、柔和暖光、自然肤质、真实比例、温馨卧室、精致但不过度商业修图。

负面要求：
不要二次元，不要3D CG，不要摄影棚大片，不要低质粗糙照片，不要过度噪点，不要明显脏感，不要过度磨皮，不要塑料皮肤，不要畸形手指，不要多余手指，不要背景纯白。",https://github.com/EvoLinkAI/awesome-gpt-image-2-API-and-Prompts/blob/main/cases/portrait.md,CC0 1.0,可能包含品牌/IP引用
EvoLinkAI/awesome-gpt-image-2-API-and-Prompts,portrait,沙滩场景丰腴人物写真,写实风格，超高精细。20岁出头的成年女性，黑色自然长发，透明感的肌肤，可爱而华丽的面容，带着自然且略带羞涩的微笑。背景是南国度假地的黄昏海滩，白沙、平静的海面、淡粉色与橙色的天空，远景是椰子树。女性穿着米白色的优雅简约比基尼，肩上轻轻披着一件白色薄纱衬衫。她站在沙滩上，双手轻轻交叠在身前，对着镜头露出灿烂的笑容。充满幸福感和余韵的氛围。人物位于画面中央，占据较大比例，并留出少许黄昏天空的空白。不添加任何文字或标志。注重清纯、透明感、华丽和特别感。这是一张高完成度、充满余韵的照片。,https://github.com/EvoLinkAI/awesome-gpt-image-2-API-and-Prompts/blob/main/cases/portrait.md,CC0 1.0,
EvoLinkAI/awesome-gpt-image-2-API-and-Prompts,portrait,高级男性魅力人像,"生成一张具有强烈男性魅力和高级视觉冲击力的人像作品，画幅比例为 {画幅比例}。

这不是普通证件照，不是廉价写真，不是网红自拍，也不是夸张霸总风照片，而是一张兼具高级商业人像、电影人物海报、个人品牌视觉和社交平台传播感的男性魅力形象图。

如果用户上传了自拍头像：请以用户上传的自拍头像为核心参考，保留人物的真实身份识别度，包括脸型轮廓、五官比例、眉眼气质、发型基础、年龄感、肤色倾向和面部特征。在保持本人可识别的基础上，对人物进行高级视觉转译：优化面部光影结构；强化眉骨、鼻梁、下颌线和面部轮廓；提升眼神的稳定感和故事感；让发型更干净利落；让皮肤质感更自然清爽；让整体气质更成熟、更自信、更有身份感。

如果用户没有上传自拍头像：默认生成一位成年中国男性，五官端正自然，气质大方得体，干净成熟，身材匀称，肩颈舒展，发型清爽，表情冷静自信，整体符合中国大众审美中的高级男性魅力。",https://github.com/EvoLinkAI/awesome-gpt-image-2-API-and-Prompts/blob/main/cases/portrait.md,CC0 1.0,
EvoLinkAI/awesome-gpt-image-2-API-and-Prompts,poster,2026 Spring Guangzhou City Poster,"一张充满新春喜庆氛围但不失高雅格调的 2026 城市宣传海报。
双重曝光，构图延续了S型的流动感；
在纯白的纹理背景右下角，一个身穿中国传统服饰的微缩人物正在挥舞着一条长长的红色丝绸舞带，这条红绸在空中舞动，不仅展现出丝绸的柔顺质感，更在向左上方飘动的过程中，奇幻地变形成了一条壮丽的山脉河流。
在这条“河流”中，叠加了一个有山有海河的广州城市手绘图，国潮，景色尽在眼底，壮阔雄伟，令人震撼。
广州的地标建筑(广州塔，珠江新城建筑群，珠江, 广州城里古建筑，游轮，白云山）。
云雾环绕，仙气缥缈，色彩丰富，结构复杂，细节丰富，但因为大面积的留白，画面依然显得清新脱俗，左下角排版着“SPRING 2026”和竖排的宣传语，整体寓意“千年商都，魅力广州”。
文字排版优美，大方，字迹清晰完整，尺寸9:16。",https://github.com/EvoLinkAI/awesome-gpt-image-2-API-and-Prompts/blob/main/cases/poster.md,CC0 1.0,
EvoLinkAI/awesome-gpt-image-2-API-and-Prompts,poster,A Chinese Odyssey 90s Hong Kong Poster,"图片1：大话西游海报重制为90年代港片风格，至尊宝紫霞城墙拥吻，胶片颗粒

图片2：杜蕾斯吉祥物×猪八戒，八戒害羞脸红遮面，文案取经路上要安全",https://github.com/EvoLinkAI/awesome-gpt-image-2-API-and-Prompts/blob/main/cases/poster.md,CC0 1.0,
EvoLinkAI/awesome-gpt-image-2-API-and-Prompts,poster,AI Builder Doodle Sketch,以涂鸦速写风表现【一个厉害的AI builder】。,https://github.com/EvoLinkAI/awesome-gpt-image-2-API-and-Prompts/blob/main/cases/poster.md,CC0 1.0,
EvoLinkAI/awesome-gpt-image-2-API-and-Prompts,poster,Blue Tears cocktail tutorial infographic poster,试着帮我生成调制一杯蓝色眼泪鸡尾酒（配料流程你自己发挥想象，但是要写清楚确保可复现）的流程教学图和概念设计宣传图，轻奢酒咖海报风格，横版。,https://github.com/EvoLinkAI/awesome-gpt-image-2-API-and-Prompts/blob/main/cases/poster.md,CC0 1.0,
EvoLinkAI/awesome-gpt-image-2-API-and-Prompts,poster,Character Relationship Map Poster,请根据【主题】生成一张高设计感的人物关系图海报。,https://github.com/EvoLinkAI/awesome-gpt-image-2-API-and-Prompts/blob/main/cases/poster.md,CC0 1.0,
EvoLinkAI/awesome-gpt-image-2-API-and-Prompts,poster,Charlie Chaplin Product Poster Redesign,"重新生成一张海报，卓别林拿着商品图里的止痒膏，面露微笑。风格要简约干净。

左边是 GPT-image-2 右边是",https://github.com/EvoLinkAI/awesome-gpt-image-2-API-and-Prompts/blob/main/cases/poster.md,CC0 1.0,
EvoLinkAI/awesome-gpt-image-2-API-and-Prompts,poster,Chengdu Food Map Illustration,"一张手绘风格的城市美食地图，以成都为主题。画面以鸟瞰视角的手绘简化城市地图为底，标注主要道路和地标但不追求精确比例而是追求可爱的手绘感。地图上分布着 12 个美食地点的精致手绘小插画：春熙路的串串香（一把竹签插着各种食材冒着热气）、宽窄巷子的三大炮（三个糯米团子飞向铜盘）、建设路的蛋烘糕（金黄酥脆正在翻面）、玉林路的火锅（九宫格锅翻滚冒泡）等，每个插画约占地图的 5% 面积，旁边用手写体标注店名和一句推荐语""凌晨两点还在排队的那家""。地图边缘用手绘藤蔓和辣椒装饰形成边框。右下角有一个手绘指南针和图例说明。左上角标题""成都·吃货暴走地图""使用胖圆的手绘美术字配辣椒装饰。整体画风为水彩+彩铅混合的手绘质感，颜色以暖色系（辣椒红、姜黄、翠绿）为主，图片比例 1:1。",https://github.com/EvoLinkAI/awesome-gpt-image-2-API-and-Prompts/blob/main/cases/poster.md,CC0 1.0,
EvoLinkAI/awesome-gpt-image-2-API-and-Prompts,poster,Chili Pork Cooking Flowchart,"帮我制作辣椒炒肉这道菜的详细制作流程图,真实风格,适用于小红书图文比例",https://github.com/EvoLinkAI/awesome-gpt-image-2-API-and-Prompts/blob/main/cases/poster.md,CC0 1.0,可能包含品牌/IP引用
EvoLinkAI/awesome-gpt-image-2-API-and-Prompts,poster,Chinese Minimalist S-Shaped Poster,"极简新中式美学风格，画面以淡雅的灰白色为底，呈现出一种纸艺剪影般的立体感。
一条S形蜿蜒的裂痕状边缘将画面分割，仿佛撕开了一层纸面，露出内部色彩斑斓的东方山水景象。
裂口内，一条蜿蜒的河流自上而下贯穿整个构图，河水以深浅不一的蓝色渲染，层次分明，仿佛流动的丝带。
河岸两侧点缀着青翠的山丘与梯田，色彩柔和，绿红交织，展现出田园的宁静之美。
沿河而建的古风建筑错落有致，飞檐翘角，白墙黛瓦，在光影的映衬下更显古朴典雅。
岸边树木葱茏，枝叶轻盈，一艘小船静泊于水中央，增添了几分悠然意境。
整体构图呈S形曲线，富有韵律感，仿佛自然与人文的和谐共生。
画作边缘采用撕纸效果，营造出立体浮雕般的视觉体验。
下方题字“东方美学”以黑色楷体书写，日期“2026/04/18”与红色印章相呼应，底部“CHINA”字样庄重醒目，署名“@LIYUE”低调收尾，整体氛围静谧深远，充满诗意与哲思。",https://github.com/EvoLinkAI/awesome-gpt-image-2-API-and-Prompts/blob/main/cases/poster.md,CC0 1.0,
EvoLinkAI/awesome-gpt-image-2-API-and-Prompts,poster,Cinematic Infographic Concept Poster,"请围绕【主题】自动生成一张顶级概念海报 / 信息图式电影海报。

唯一输入变量只有:
【主题】:__中国历史上的皇帝排名_         

要求 AI 根据这个主题,自动推导并统一设计以下全部视觉系统,不需要我额外指定:
- 核心主体(可以自动判断更适合人物、产品、建筑、器物、符号、场景或抽象意象)
- 底部支撑结构
- 上方悬浮符号或精神象征
- 场景包裹元素
- 隐喻系统
- 色彩层级
- 材质对比
- 光影逻辑
- 标题、副标题、辅助文案
- 品牌感与高级感表达方式

最终画面必须是:
一张震撼、精密、统一、电影级、超高细节、可用于高端印刷的概念主视觉海报。

【总风格】
超写实 3D 商业 CGI 渲染,融合电影级布光、奢侈品视觉语言、未来感概念设计与史诗级构图。画面必须具有“唯一主视觉核心”,不能杂乱,不能像拼贴,不能像普通电商海报。

【自动推导规则】
AI 必须依据【主题】自动决定最合适的:
1. 核心视觉隐喻
2. 主体类型与姿态
3. 支撑结构形式
4. 悬浮元素形式
5. 场景外壳与空间氛围
6. 主色、辅色、强调色
7. 材质组合
8. 文字气质与版式风格

例如:
- 如果主题偏权力、秩序、资本、统治,则自动偏向王座、冠冕、机械、神殿、红幕、金属、权力结构
- 如果主题偏科技、AI、芯片、未来,则自动偏向机械结构、能量核心、光束、深色金属、全息感
- 如果主题偏奢侈品、高定、稀缺、收藏,则自动偏向珠宝、镜面材质、黑金体系、展台、博物馆式布光
- 如果主题偏人物、IP、角色,则自动以人物为主视觉核心,并自动匹配对应世界观与象征系统
- 如果主题偏城市、文明、史诗、命运,则自动转化为宏大叙事型空间结构与仪式感场景

【构图规则】
- 绝对高级感
- 强烈中心秩序,整体统一
- 允许中轴对称或接近中轴的史诗级构图
- 视觉重力明确,从上到下形成清晰的层级落点
- 边缘负空间干净、克制、有呼吸感
- 不允许无意义装饰,不允许风格污染,不允许多个系统互相打架

【视觉质量】
- 超高细节
- 体积光清晰
- 材质真实
- 反射、折射、阴影、雾气、景深自然
- 每个元素都像经过工业级视觉总监审美控制
- 整体达到高端品牌 campaign key visual / luxury invitation poster / conceptual editorial poster 水准

【排版系统】
- 整体为 90% 视觉,10% 文字
- AI 根据【主题】自动生成最匹配的主标题和副标题
- 标题必须简洁、锋利、有气势
- 文案分布在安全负空间内,不压主体
- 若主题适合中文,则优先生成中文标题;若主题更适合英文,则自动生成英文标题;也可中英结合,但必须统一高级
- 文字必须尽量少而准,不要堆字

【署名要求】
在画面底部角落自然加入作者署名:
@a9quant
署名要小,但清晰、精致、高级,不喧宾夺主,像顶级视觉作品中的正式作者落款。

【输出要求】
输出为单张统一构图海报。
自动根据【主题】完成全部视觉决策。
画面必须具备史诗感、秩序感、控制力、仪式感、商业完成度。
最大细节密度,超清,电影级,印刷级,高端成片质感。",https://github.com/EvoLinkAI/awesome-gpt-image-2-API-and-Prompts/blob/main/cases/poster.md,CC0 1.0,
EvoLinkAI/awesome-gpt-image-2-API-and-Prompts,poster,Coffee Girl By the River,"尝试一个固定模式的 gpt image 2  提示词结构,一个近景，一个中景

生成一张图片：

主体：一个端着咖啡的二次元女孩，正坐在河边，望着河里正在玩水的两只小狗
场景：山谷里的一条小河，清空万里，天上飘着几片白云
构图：中景，主体位于画面左侧，50mm 镜头，浅景深，背景轻微虚化
光线：柔和的阳光从右上角照入
风格：手绘线稿风格插画
色彩：孔雀蓝、芥末黄、珊瑚粉、象牙白，简约而沉稳的配色方案
细节：小河里的水流泛着阳光的反射
氛围：温馨的日常氛围
画质：简约而圆润的形态，保留墨水质感的粗犷线条
避免：文字、水印、logo、畸形结构",https://github.com/EvoLinkAI/awesome-gpt-image-2-API-and-Prompts/blob/main/cases/poster.md,CC0 1.0,可能涉及Logo/标识
EvoLinkAI/awesome-gpt-image-2-API-and-Prompts,poster,Dark Epic Concept Poster,"围绕【主题】自动生成一张顶级暗黑史诗概念海报 / 电影感信息图海报。

唯一需要输入的变量只有:
【主题】:___特朗普的思考____ 

除【主题】之外,其余全部由 AI 自动适配完成,包括但不限于:
- 核心主体(自动判断更适合人物、守护者、战士、产品、器物、雕像、抽象象征或其他主视觉对象)
- 中央承载结构(自动判断更适合王座、石座、祭坛、机械基座、遗迹、高台或其他支撑体)
- 环境空间(自动判断更适合洞穴、神殿、废墟、深渊、地下宫殿、密室或其他封闭史诗空间)
- 上方开口与光源形式(自动判断更适合月光、神光、能量束、审判之光、圣光或其他单一强光)
- 象征元素(自动判断更适合骷髅、徽记、残碑、纹章、符文、能量环、神性符号等)
- 色彩体系
- 材质组合
- 标题、副标题、辅助文案
- 排版与整体叙事气质

【总风格】
高预算 90 年代好莱坞史诗大片海报气质,融合 cinematic matte painting、超写实摄影质感、极强明暗对比、厚重空间叙事、暗黑英雄主义与仪式感构图。整体必须像一张真正的电影主海报,而不是普通插画或电商图。

【核心结构锁定】
整张海报必须保留以下结构基因:
1. 一个巨大、压迫感极强的黑暗封闭空间
2. 一束从上方斜向切入的强烈体积光,作为画面的第一视觉秩序
3. 中央偏右或光束终点位置的核心主体与承载结构
4. 左下角作为高密度标题与信息锚点
5. 四周保留大量纯黑或近黑负空间,形成电影感呼吸区

【自动适配规则】
AI 必须依据【主题】自动推导最适合的视觉系统:
- 如果【主题】偏暗黑英雄、复仇、正义、孤独、宿命,则自动偏向石质王座、孤高人物、冷色神光、废墟或洞穴感空间
- 如果【主题】偏神秘、幽灵、潜行、幻影、夜行,则自动偏向月光、迷雾、冷蓝色体积光、深渊式黑暗空间
- 如果【主题】偏权力、统治、王者、秩序,则自动强化 throne / altar / crown-like symbol / ritual space 的表达
- 如果【主题】偏科技、AI、未来、机械,则自动将王座和空间替换为机械神座、能量基座、金属洞窟、工业神殿等未来化形态
- 如果【主题】偏产品、品牌、器物,则自动把核心主体替换为最合适的 hero object,并保留被神光审判式凸显的史诗构图

【画布与色彩系统】
- 背景底层必须是极深、近乎吞噬一切的黑暗空间
- 主环境色由 AI 根据【主题】自动决定,但整体必须克制,以暗色为主
- 强光区域色彩必须高度集中,只服务于体积光与主体高光
- 主题色 / 强调色只能集中用于主视觉核心,不允许全画面泛滥
- 必须建立明确的“黑暗底色 + 单一主光 + 少量主题强调色”的层级秩序

【构图与视觉重力】
- 采用强烈的斜向张力与向中心汇聚的视觉引导
- 视觉重力从上方光源强势落下,最终压在核心主体之上
- 主体必须处于被命运、审判、神性或权力照中的位置
- 边缘必须自然融入黑暗,不能出现无意义背景填充
- 所有元素必须服务于唯一的主叙事核心

【材质与光影】
- 不使用轮廓线,不使用平面化描边
- 完全依赖体积光、阴影切割、反射、高光、雾气、粉尘、湿润岩石或其他真实材质来建构画面
- 材质必须形成明显对比,例如:
  粗粝岩石 / 冷硬金属 / 柔韧织物 / 古老石雕 / 湿润表面 / 尘雾光柱
- 光束必须具有强烈 Tyndall effect,真实、厚重、可感知体积密度

【排版系统】
- 整体 80% 视觉,20% 文字
- AI 根据【主题】自动生成主标题、副标题和底部信息块
- 主标题应尽量简洁、有气势、有电影海报感
- 若主题更适合中文,则优先中文;若更适合英文,则自动英文;也可双语,但必须统一
- 主标题可沿光束垂直排布,仿佛由光本身构成
- 左下角设置一个高密度信息模块,包括副标题、小字信息、电影 credits 风格占位文字或品牌说明
- 文字必须锐利、干净、真实嵌入环境,不得廉价漂浮

【模块结构 —— 必须严格保持 3 块】
[MOD 1: TOP-TO-CENTER BEAM]
从顶部开口斜向切下的巨大体积光柱,作为第一视觉通道,并承载主标题或主视觉文字。

[MOD 2: CENTER-RIGHT CORE]
位于光束终点的核心主体与承载结构,形成整张海报的权力中心 / 命运中心 / 叙事中心。

[MOD 3: BOTTOM-LEFT TEXT]
位于左下角负空间中的高密度排版区,包含副标题、说明文字、credits 风格信息块、品牌信息或活动信息。

【作者署名】
在底部角落自然加入作者署名:
@a9quant
署名要小而清晰,精致、克制、高级,不喧宾夺主,像正式电影概念海报或艺术作品落款。

【输出要求】
输出为单张统一构图海报。
所有视觉系统必须内部一致,不能有风格污染。
画面必须具备:暗黑感、史诗感、压迫感、仪式感、命运感、电影完成度。
最大细节密度,超清,电影级,印刷级,高端成片质感。",https://github.com/EvoLinkAI/awesome-gpt-image-2-API-and-Prompts/blob/main/cases/poster.md,CC0 1.0,可能包含公众人物/肖像引用
EvoLinkAI/awesome-gpt-image-2-API-and-Prompts,poster,Dark Western Outlaw Poster,"高级电影感西部亡命徒海报，竖版 2:3 构图，暗黑西部游戏角色设定海报风格。

一个神秘蒙面牛仔与黑马站在荒漠边境，人物全身正面，宽檐牛仔帽压低，花纹面巾遮住下半张脸，深色长发，黑色皮革手套，黑色西部夹克与多层皮革装备，子弹带、左轮枪套、金属腰带扣、厚重长靴，肩上披着红棕色几何图案披毯，边缘破损飘动。人物姿态冷静危险，一只手靠近枪套。右侧黑马半身入镜，带白色额纹，缰绳细节清晰。

背景是暴风雨中的西部荒漠，闪电、乌云、远处峡谷岩壁、枯树、沙尘、烟雾、火星、泥地反光，氛围压抑史诗。

画面左侧是复古羊皮纸留白，右侧是黑暗风暴场景，强烈明暗分割。加入大号竖排英文标题、通缉令信息、人物档案、坐标、地图网格、细线框、圆形罗盘图形、小红色标记、签名印章等高级海报排版元素。

风格：黑色墨迹飞溅、旧纸纹理、电影级写实、暗黑西部、强烈明暗对比、皮革和金属超细节、尘土、泥点、划痕、烟雾、火星、边缘轮廓光、高级收藏级游戏海报、荒野大镖客氛围、艺术设定集质感、8K、高细节。",https://github.com/EvoLinkAI/awesome-gpt-image-2-API-and-Prompts/blob/main/cases/poster.md,CC0 1.0,
EvoLinkAI/awesome-gpt-image-2-API-and-Prompts,poster,Dark-Fantasy Guangzhou City Poster,"平面插画,东方幻想风格高端城市海报设计,竖版9:16构图,整体采用对角线+S型流动构图,从左下向右上延展,画面以深邃黑色为背景,自上而下渐变至浓烈暗红色,形成强烈冷暖对比与空间纵深,背景带微弱星尘与颗粒质感。画面中央一条金色流动能量线条如火焰般蜿蜒贯穿,自底部向上延伸,具有流体质感、粒子光效与渐变高光,局部带细微能量碎屑与体积光。

金色流光中逐层浮现广州城市地标建筑群:广州塔为视觉核心,比例突出,周围融合珠江新城高楼群、猎德大桥及现代与岭南建筑元素,建筑采用“精细线描 + 金色发光体块”表现,轮廓清晰、细节丰富,在金色光晕映衬下仿佛悬浮于虚空,形成超现实空间层次,远景轻微雾化增强纵深感。

画面底部为一位东方白发女性形象,长发飘逸,如烟似雾,与金色流光自然衔接并逐渐融合,发丝半透明带渐变光感,姿态柔美,双目微闭,神情宁静,怀抱一束多彩鲜花,花间点缀微光粒子与星点效果,象征人与城市能量的精神连接,人物细节适度简化以突出整体设计感。

光影集中于金色流线、建筑与人物轮廓,形成强烈明暗对比与视觉聚焦,整体氛围宏大、神秘、具有东方神话意境且略带治愈感。色彩以黑与暗红为基底,高亮鎏金为主视觉强调,金色具备丰富明暗层次,辅以小面积高饱和花束色彩点缀,整体高级克制。

页面文字与画面融合排版:顶部居中宋体大字“广州·中国”,下方小字“2026/04/20”,再下方小字“LIYUE”,文字采用淡金色或柔和暖白色,与整体光影统一。高品质细节,电影级光影表现,体积光与粒子细节丰富,画面干净无噪点,超高清8K分辨率,商业级海报质感。",https://github.com/EvoLinkAI/awesome-gpt-image-2-API-and-Prompts/blob/main/cases/poster.md,CC0 1.0,
EvoLinkAI/awesome-gpt-image-2-API-and-Prompts,poster,Dongfang Bubai Wuxia Character Poster,"图片1：电影角色海报，东方不败红衣饮酒，悬崖落日，武侠意境

图片2：东方不败绣花针如飞，红衣长发立于悬崖，黑木崖夕阳如血",https://github.com/EvoLinkAI/awesome-gpt-image-2-API-and-Prompts/blob/main/cases/poster.md,CC0 1.0,
EvoLinkAI/awesome-gpt-image-2-API-and-Prompts,poster,Doodle Sketch AI Builder,以涂鸦速写风表现【一个厉害的AI builder】，整体呈现快速勾勒、自由变形、即兴手绘与草稿式的视觉效果。线条随手、夸张、可粗细不一，略显凌乱但具有节奏和表现力，强调概括、夸张、趣味和随性，而不是严谨写实或精细刻画。  颜色采用粗糙、干刷感明显的块面表现，可保留不均匀的涂抹痕迹、刷痕、飞白与覆盖感，色彩根据【主题/主体】自动适配，但整体保持涂鸦式、速写式、概括式的表达。不要透明水彩晕染效果，不要细腻水彩过渡，不要纸纹理，不要柔和雾化，不要梦幻质感。  背景以留白为主，保持简洁、轻松、未完成感和设计感，可加入少量辅助性符号、箭头、记号、圈画、重复线、随手写的文字或其他涂鸦元素，以增强速写本或随笔式视觉语言，但不可过于拥挤，不可破坏主体和留白气质。  画面内容不需要预先写清楚，由【一个厉害的AI builder】自动推演并生成最适合的主体形象、动作、相关元素、符号或简化场景，整体保持统一的涂鸦速写风和夸张概括的表现方式，避免复杂写实背景和过度铺陈。 画面中需自然加入专属签名“BlanPlan”，作为画面的一部分，位置低调但清晰，可放在左下角、右下角或标题附近，风格需与整体版式统一，像作品署名或设计落款；签名字体精致、克制、高级，不可过大，不可破坏主体构图，不可显得突兀或廉价。,https://github.com/EvoLinkAI/awesome-gpt-image-2-API-and-Prompts/blob/main/cases/poster.md,CC0 1.0,
EvoLinkAI/awesome-gpt-image-2-API-and-Prompts,poster,Epic Silhouette World Poster,收藏版史诗海报，人物侧脸剪影中生长出完整世界观与经典场景。整体偏电影海报加梦幻水彩插画风，安静、宏大、神圣、怀旧，带纸张颗粒、轻雾感、飞白刷痕与高级留白。,https://github.com/EvoLinkAI/awesome-gpt-image-2-API-and-Prompts/blob/main/cases/poster.md,CC0 1.0,
EvoLinkAI/awesome-gpt-image-2-API-and-Prompts,poster,Guangdong Super League Invitation Poster,广东省城市足球超级联赛（粤超）邀请函海报设计，比例 9:16。S 型流动构图，以发光足球和动态能量流贯穿画面，沿动线融合广州塔、深圳平安金融中心、珠海渔女雕像、岭南建筑、佛山武术剪影、中山文化符号、潮汕英歌舞与清远山水。现代国潮高级海报风格，中国红主视觉，青蓝辅助，金色高光，带完整中文排版与电影级光影。,https://github.com/EvoLinkAI/awesome-gpt-image-2-API-and-Prompts/blob/main/cases/poster.md,CC0 1.0,
EvoLinkAI/awesome-gpt-image-2-API-and-Prompts,poster,Handwritten Medical Prescription Sheet,生成一张手写中/西医药方图,https://github.com/EvoLinkAI/awesome-gpt-image-2-API-and-Prompts/blob/main/cases/poster.md,CC0 1.0,
EvoLinkAI/awesome-gpt-image-2-API-and-Prompts,poster,Hangzhou West Lake Travel Poster,帮我生成一个介绍杭州西湖的海报,https://github.com/EvoLinkAI/awesome-gpt-image-2-API-and-Prompts/blob/main/cases/poster.md,CC0 1.0,
EvoLinkAI/awesome-gpt-image-2-API-and-Prompts,poster,High-Concept Personal Portrait,"让GPT根据历史聊天记录
生成一张你个人的高概念肖像

GPT Image 2提示词分享👇
你是一个「个人高概念肖像生成器」。

请根据你与当前用户的历史聊天记录、当前对话、可用记忆，以及用户提供的任何补充信息，直接生成一张能够代表这个用户内心世界、长期兴趣、精神气质和人生状态的高概念肖像图。

这张图不是普通头像，也不是职业照，而是一张“视觉化的人格肖像”。

请先在内部理解这个用户：

- 他/她长期关注什么
- 他/她反复在做什么
- 他/她在意什么
- 他/她的审美倾向是什么
- 他/她的性格气质是什么
- 他/她的内在驱动力是什么
- 他/她的世界里有哪些反复出现的符号、场景、物件或主题

然后把这些信息转化为一张有象征意义的视觉作品。

画面要求：

- 以一个象征性人物为视觉中心
- 周围环境像是这个人的精神世界、记忆空间或内心宇宙
- 用场景、光线、物件、符号、色彩和构图来表达这个人的长期状态
- 不要只是堆砌标签，而要让画面像一张有故事感的个人精神地图
- 整体应当高级、完整、有情绪、有想象力

风格请根据用户的历史偏好自动判断。

如果无法判断，默认使用：

高概念肖像、电影感、精致、富有象征意义、视觉层次丰富、情绪克制但有力量、现实与幻想交织、像一张关于这个人的内心世界海报。

如果用户没有上传本人照片，不要生成高度写实的真实本人脸，可以使用象征性人物、背影、侧脸、剪影或抽象化人物。

如果用户上传了本人照片，并明确要求使用本人形象，请在保持人物身份特征的基础上进行高概念创作。

不要输出分析。
不要输出提示词。
不要解释创作过程。
直接生成图片。

除非用户明确要求“输出提示词”“解释画面”“分析我是什么样的人”，否则只生成最终图像。",https://github.com/EvoLinkAI/awesome-gpt-image-2-API-and-Prompts/blob/main/cases/poster.md,CC0 1.0,可能包含品牌/IP引用
EvoLinkAI/awesome-gpt-image-2-API-and-Prompts,poster,Illustrated City Food Map,"{
  ""type"": ""illustrated map infographic"",
  ""style"": ""{argument name=""art style"" default=""watercolor and ink hand-drawn illustration on vintage parchment""}"",
  ""title_section"": {
    ""text"": ""{argument name=""city name"" default=""成都""} {argument name=""map title"" default=""吃货暴走地图""}"",
    ""mascot"": ""cartoon red chili pepper wearing sunglasses and giving a thumbs up""
  },
  ""border"": ""{argument name=""border decoration"" default=""vine of green leaves and red chili peppers""}"",
  ""layout"": {
    ""background"": ""textured beige parchment paper with yellow roads, blue rivers, and green park areas"",
    ""sections"": [
      {
        ""title"": ""landmarks"",
        ""count"": 6,
        ""illustrations"": [""traditional pavilion"", ""traditional monastery"", ""modern skyscraper with climbing panda"", ""tall TV tower"", ""traditional gate"", ""industrial buildings""],
        ""labels"": [""人民公园"", ""文殊院"", ""IFS"", ""339电视塔"", ""宽窄巷子"", ""东郊记忆""]
      },
      {
        ""title"": ""food_spots"",
        ""count"": 12,
        ""illustrations"": [""mapo tofu"", ""dumplings in chili oil"", ""skewers in pot"", ""sticky rice balls"", ""egg baking cake"", ""nine-grid hotpot"", ""sweet potato noodles"", ""cold skewers"", ""spicy mixed dish"", ""covered tea bowl"", ""ice jelly dessert"", ""spicy rabbit heads""],
        ""labels"": [""1 陈麻婆豆腐"", ""2 钟水饺"", ""3 春熙路"", ""4 宽窄巷子·三大炮"", ""5 建设路·叶婆婆蛋烘糕"", ""6 玉林路·小龙坎火锅"", ""7 香香巷·肥肠粉"", ""8 武侯祠大街·钵钵鸡"", ""9 东郊记忆·冒椒火辣"", ""10 人民公园·鹤鸣茶社"", ""11 锦里古街·冰粉"", ""12 双流老妈兔头""]
      },
      {
        ""title"": ""图例"",
        ""position"": ""bottom-right"",
        ""count"": 5,
        ""items"": [""red dot"", ""green house"", ""green tree"", ""blue line"", ""yellow double line""],
        ""labels"": [""美食地点"", ""地标景点"", ""公园绿地"", ""河流湖泊"", ""主要道路""]
      }
    ],
    ""centerpiece"": ""giant panda sitting and eating bamboo"",
    ""bottom_right_extras"": [""vintage compass rose with N, S, E, W"", ""disclaimer text '温馨提示:吃辣需谨慎,肠胃要保护~' with a red chili pepper icon""]
  }
}",https://github.com/EvoLinkAI/awesome-gpt-image-2-API-and-Prompts/blob/main/cases/poster.md,CC0 1.0,
EvoLinkAI/awesome-gpt-image-2-API-and-Prompts,poster,Ink-Curve Guangzhou Aesthetics Poster,纯黑深邃底色，一条粗壮有力的墨色书法 S 型曲线自画面一端蜿蜒贯穿至另一端，构成整幅画面的视觉骨架与叙事动线。曲线上方是一只透明质感的画眉鸟，内部映射传统建筑叠影与蓝绿色光流；沿曲线错落分布广州地标与古典建筑序列，前景有白鹤与湖面，远景为层叠山峦。整体采用非线性透视、冷色调主导、暖色点缀，东方美学与现代意象交融，8K 超高清渲染，比例 9:16。,https://github.com/EvoLinkAI/awesome-gpt-image-2-API-and-Prompts/blob/main/cases/poster.md,CC0 1.0,
EvoLinkAI/awesome-gpt-image-2-API-and-Prompts,poster,Journey to the West Chinese Comic,以中国连环画（小人书）的风格帮我绘制大闹天空,https://github.com/EvoLinkAI/awesome-gpt-image-2-API-and-Prompts/blob/main/cases/poster.md,CC0 1.0,
EvoLinkAI/awesome-gpt-image-2-API-and-Prompts,poster,Journey to the West Daughter Kingdom Poster,"西游记女儿国诱惑海报，六位艳丽的女儿国大臣在后宫温泉中，迷雾朦胧妖冶，生成图片

4.23早上测试成功",https://github.com/EvoLinkAI/awesome-gpt-image-2-API-and-Prompts/blob/main/cases/poster.md,CC0 1.0,
EvoLinkAI/awesome-gpt-image-2-API-and-Prompts,poster,New Chinese Ink Landscape Poster,新中式水墨山水海报，竖版9:16构图，东方极简美学风格，大面积留白，主题是春岚一叶红。,https://github.com/EvoLinkAI/awesome-gpt-image-2-API-and-Prompts/blob/main/cases/poster.md,CC0 1.0,
EvoLinkAI/awesome-gpt-image-2-API-and-Prompts,poster,Royal Tramp Character Poster,生成鹿鼎记海报，展现韦小宝跟老婆XXX，忠于原著的描述，夸大特点，强调女性的美艳和男性的气质,https://github.com/EvoLinkAI/awesome-gpt-image-2-API-and-Prompts/blob/main/cases/poster.md,CC0 1.0,
EvoLinkAI/awesome-gpt-image-2-API-and-Prompts,poster,Science Encyclopedia Infographic,"请根据【主题】生成一张高质量竖版「科普百科图」。 

这张图不是普通海报,也不是单纯插画,而是一张兼具“图鉴感、百科感、信息结构感、收藏感”的模块化科普信息图。整体风格参考高级博物图鉴、现代百科书页、生活方式知识卡和社交媒体高传播信息图的结合。

请让画面包含:
- 一个清晰漂亮的主题主视觉
- 若干局部特征放大细节
- 多个圆角模块化信息分区
- 清楚的标题层级与重点标签
- 简洁但丰富的百科内容
- 可视化评分、要点总结或Top 5模块

内容栏目请根据主题自动适配,优先从这些方向中选择并合理组合:
基础档案、分类信息、外观特征、习性/生态、形成机制/结构组成、生长或使用条件、养护或维护建议、风险与注意事项、适合人群或适用场景、优缺点对比、快速评分卡。

视觉要求:
浅色干净背景,柔和配色,轻阴影,精致小图标,圆角信息框,整洁排版,信息密度高但不拥挤,阅读体验好。整体必须像真正可以发布、阅读、收藏、系列化生产的科普百科卡,而不是广告图。

请不要做成普通商业宣传海报。要突出“知识整理 + 模块信息 + 图鉴式展示”的特征。",https://github.com/EvoLinkAI/awesome-gpt-image-2-API-and-Prompts/blob/main/cases/poster.md,CC0 1.0,
EvoLinkAI/awesome-gpt-image-2-API-and-Prompts,poster,Spring 2026 Guangzhou Promo Poster,一张充满新春喜庆但高雅的 2026 广州城市宣传海报，9:16 竖版，双重曝光，S 型流动构图。纯白纹理背景，右下角微缩传统服饰人物挥舞长红绸，红绸变形成山脉河流，内部叠加广州全景：广州塔、珠江新城、珠江、游轮、古建筑与白云山。左下角排版 “SPRING 2026” 与竖排 “千年商都 魅力广州”。,https://github.com/EvoLinkAI/awesome-gpt-image-2-API-and-Prompts/blob/main/cases/poster.md,CC0 1.0,
EvoLinkAI/awesome-gpt-image-2-API-and-Prompts,poster,Surreal Koi Nebula Illustration,一幅超现实主义数字插画风格，采用低角度仰拍视角。画面描绘了一条巨型彩色锦鲤遨游在梦幻般的星云中，四周环绕着色彩鲜艳的星云与气泡。画面中央还站着一个小人，背对观众，神情平静地仰望空中这条巨大的锦鲤，锦鲤头向下看着小人。整体画面呈现出强烈的大小对比，氛围空灵又梦幻。比例9:16,https://github.com/EvoLinkAI/awesome-gpt-image-2-API-and-Prompts/blob/main/cases/poster.md,CC0 1.0,
EvoLinkAI/awesome-gpt-image-2-API-and-Prompts,poster,Watercolor 2026 Calendar Poster,"使用上传的第一张图作为【整体风格与版式参考】，使用上传的第二张图作为【人物身份参考】。

请生成一张完整的 2026 年全年日历插画海报。

画面风格：
保留参考图一的手绘水彩插画风格，温暖米白纸张背景，细腻墨线勾勒，柔和水彩晕染，轻微纸张纹理，带有季节感的小装饰元素，如花草、雪花、爱心、纸飞机、星星、云朵、树叶、相机、书本、咖啡杯、礼物、圣诞树等。整体氛围温柔、治愈、干净、生活感强，像一本手账风全年日历。

版式要求：
采用 3 列 × 4 行的全年月历排版，共 12 个月份。
顶部居中写大标题：“2026”，使用手写感黑色笔刷字体。
每个月份标题格式为：
“01 January”
“02 February”
“03 March”
一直到
“12 December”。

每个月份区域都包含：
1. 月份英文标题
2. 小型日历日期表
3. 一位人物插画
4. 对应季节的小场景装饰

人物要求：
将参考图一中的男性人物全部替换为参考图二中的女性人物。
保持参考图二人物的核心特征：
年轻亚洲女性，长棕黑色头发，空气刘海，戴细框眼镜，五官精致，表情温柔自然，略带安静、微醺、慵懒感。

人物服装参考：
宽松白色衬衫，黑色内搭，黑色短裙，黑色丝袜，黑色鞋子，细项链或 choker。
服装需要融入手绘水彩风，不要像照片硬贴上去。

每个月人物动作不同：
1 月：坐着捧热咖啡，冬日温暖感  
2 月：托腮坐着，周围有爱心元素  
3 月：低头写手账或笔记本  
4 月：拿着复古相机  
5 月：坐着看书，旁边有书堆和茶杯  
6 月：休闲坐姿，旁边有相机和蓝色水彩装饰  
7 月：坐在躺椅上喝冰饮，夏日感  
8 月：坐在海边木栈道，远处有帆船  
9 月：坐着写日记，旁边有背包和秋叶  
10 月：喝咖啡，旁边有南瓜灯和万圣节元素  
11 月：围着棕色围巾，手拿热咖啡，背景有城市街景  
12 月：坐在圣诞树旁，手捧热饮，旁边有礼物盒  

日历要求：
年份必须是 2026。
所有月份日期必须符合真实 2026 年日历。
星期排列为：
S M T W T F S
星期日和部分日期可使用红色点缀，其余为黑色。
日期尽量清晰可读，保持手写日历质感。

整体要求：
画面必须像一张完整的全年日历海报，而不是拼贴照片。
人物与背景要统一成同一种手绘水彩风格。
保持参考图一的原有构图、温柔季节感、手账插画质感和高级可爱氛围。
不要出现真实照片感，不要过度写实，不要赛博风，不要厚重油画风。",https://github.com/EvoLinkAI/awesome-gpt-image-2-API-and-Prompts/blob/main/cases/poster.md,CC0 1.0,
EvoLinkAI/awesome-gpt-image-2-API-and-Prompts,poster,星河入梦 3D CG 插画,"一位成年东方幻想系女性角色，梦幻星河仙女风，3D CG 高精度插画质感，9:16 竖版构图，画面充满全息星河、流光粒子、银河丝带与柔雾光晕。

人物位于画面中央偏左，半身到大腿视角，身体呈优雅的 S 型动态站姿。她的上半身微微向一侧倾斜，腰部自然收束并轻轻扭转，胯部向相反方向形成柔和弧线，一侧肩膀略微抬起，另一侧肩膀自然放松，整体姿态像在星河中缓慢旋转，既轻盈又具有女性柔美。头部微微低垂，脸部呈三分之二侧脸，眼神温柔、安静、梦幻，神情清冷而优雅。

她拥有精致柔和的东方幻想系五官，白皙通透的肌肤，肌肤带有柔和的次表面散射与珍珠般高光，面部轮廓干净细腻，鼻梁纤细，嘴唇柔软，睫毛纤长。长发为淡银白色与浅粉紫色渐变，发丝被星风吹起，向画面右侧大面积飘散，形成流动感极强的弧线，与人物 S 型身体曲线相互呼应。

服装是一件梦幻星河礼裙，材质轻盈透明但保持优雅克制，肩部为柔软薄纱结构，胸口与腰部有银河般的渐变流光纹理，颜色以浅粉、淡蓝、薰衣草紫、珍珠白为主，局部点缀金色星尘。裙身像星云与薄纱融合而成，轻盈飘动，围绕人物身体形成螺旋状流光带，强调腰线、肩颈线与整体 S 型姿态，但不刻意暴露。

背景是梦幻宇宙星河空间，整体色调为淡粉色、浅蓝色、薰衣草紫与柔金色，充满细密星光、星尘粒子、银河流线、半透明全息光带。光线从左上方柔和洒下，在人物发丝、肩颈、脸颊和礼裙边缘形成温柔轮廓光。画面空气感强，光晕柔和，整体像漂浮在银河梦境中。

构图要求：
人物身体线条呈明显但自然的 S 型曲线；
肩、腰、胯形成柔和的反向动态；
头发与星河丝带共同形成环绕式流动；
画面保留大量梦幻光雾与星尘；
人物优雅、柔美、梦幻、高级；
重点表现女性身姿的柔和曲线、星河仙女气质与高级幻想感。

风格关键词：
dreamy fantasy girl, celestial goddess, galaxy dress, holographic starlight, soft pastel colors, ethereal beauty, elegant S-curve pose, cinematic lighting, ultra detailed 3D CG, soft glow, translucent silk, star particles, romantic fantasy atmosphere, high-end illustration, 16K detail, vertical poster composition

负面提示词：
身体比例错误，畸形手指，多手指，多手臂，脸部崩坏，眼睛不对称，廉价质感，灰蒙蒙，脏色调，过度锐化，低清晰度，杂乱背景，文字，水印，logo",https://github.com/EvoLinkAI/awesome-gpt-image-2-API-and-Prompts/blob/main/cases/poster.md,CC0 1.0,可能涉及Logo/标识
EvoLinkAI/awesome-gpt-image-2-API-and-Prompts,poster,梦落琴弦幻想钢琴插画,"一位成年东方幻想系女性角色，梦幻唯美 3D CG 高精度渲染风格，9:16 竖版构图，坐在一架黑色三角钢琴前安静弹奏钢琴。画面氛围像高级幻想电影海报，柔和、浪漫、空灵、精致。

人物位于画面右侧偏中位置，身体呈优雅的侧坐姿，腰部自然收束，肩颈线条柔和舒展，坐姿形成明显但自然的 S 型曲线。人物身材丰腴柔美，体态成熟健康，胸腰臀比例自然饱满，整体展现高级克制的女性美，可以看到胸部上半部分轮廓，以优雅、柔软、梦幻的气质为主。 

她拥有精致柔和的东方幻想系五官，白皙通透的肌肤，肤质细腻，带有柔和的次表面散射光感。神情安静、温柔、专注，微微低头看向钢琴琴键，眼神沉静而梦幻。她拥有银白色到淡紫色渐变的超长柔顺发丝，头发自然垂落在肩背与胸前，发丝轻盈细腻，带有柔雾高光。耳侧佩戴一朵蓝色梦幻花朵发饰，点缀细小金色耳坠。

服装为浅蓝紫色幻想礼裙，轻薄纱质层叠材质，带有柔和透明感与星光微粒，肩部与手臂有飘逸薄纱袖，裙摆自然散开。服装贴合身体但保持高级克制，突出柔和的女性曲线与丰腴体态，不做过度暴露处理。衣料带有细腻珠光、淡蓝色冷光与轻微星尘质感。

场景是一间昏暗而高级的古典音乐室，左侧是一架黑色高亮漆面三角钢琴，琴盖打开，钢琴表面反射窗光与紫色花瓣。钢琴键清晰可见，人物双手自然放在琴键上，手指修长优雅，正在弹奏。背景有高大的复古窗户，窗外透入柔和冷白晨光，室内带有轻微雾气、空气尘埃与梦幻光晕。

画面中大量紫色花瓣在空气中缓慢飘落，前景与背景都有虚化花瓣，形成强烈的空间层次。整体色彩以黑色钢琴、银白长发、淡蓝紫礼裙、紫色花瓣、冷白窗光为主，氛围高级、梦幻、浪漫、安静。光影柔和，边缘带有淡淡蓝紫辉光，电影级景深，精致细节，高级幻想插画质感，超清晰，8K，high detail, cinematic lighting, soft focus, dreamy atmosphere, elegant fantasy, premium 3D CG render。",https://github.com/EvoLinkAI/awesome-gpt-image-2-API-and-Prompts/blob/main/cases/poster.md,CC0 1.0,
EvoLinkAI/awesome-gpt-image-2-API-and-Prompts,poster,泳装时尚杂志四宫格,泳装时尚杂志广告页面，4:3 ，日本模特， S型曲线，【颜色】色系。（变换姿势和风格，四宫格展示）,https://github.com/EvoLinkAI/awesome-gpt-image-2-API-and-Prompts/blob/main/cases/poster.md,CC0 1.0,
EvoLinkAI/awesome-gpt-image-2-API-and-Prompts,poster,角色卡三视图生成,把我生成这张照片女主角的角色卡片：包含正面侧面背面三视图，以及多表情面部特写，和手部不同动作的特写，保持女主角的外貌发型身材服饰气质完全不变,https://github.com/EvoLinkAI/awesome-gpt-image-2-API-and-Prompts/blob/main/cases/poster.md,CC0 1.0,
EvoLinkAI/awesome-gpt-image-2-API-and-Prompts,ui,Calligraphy Copybook Sheet,生成一张【字体】书法临摹字帖,https://github.com/EvoLinkAI/awesome-gpt-image-2-API-and-Prompts/blob/main/cases/ui.md,CC0 1.0,
EvoLinkAI/awesome-gpt-image-2-API-and-Prompts,ui,Cyberpunk Neon UI Design System,"用未来都市风格生成UI设计系统,灵感来自赛博朋克城市夜景,包含霓虹灯、玻璃建筑反射、高对比光影,配色以紫色、蓝色、粉色霓虹为主,设计网页Dashboard、移动端界面、卡片、按钮、控件等,视觉炫酷、层次丰富、科技感极强",https://github.com/EvoLinkAI/awesome-gpt-image-2-API-and-Prompts/blob/main/cases/ui.md,CC0 1.0,
EvoLinkAI/awesome-gpt-image-2-API-and-Prompts,ui,Li Jiaqi Lipstick Livestream Background,李佳琦直播间背景，口红矩阵展示墙，暖光氛围灯，文案OMG买它,https://github.com/EvoLinkAI/awesome-gpt-image-2-API-and-Prompts/blob/main/cases/ui.md,CC0 1.0,
EvoLinkAI/awesome-gpt-image-2-API-and-Prompts,ui,Liu Yifei Douyin Livestream Screenshot,9:16 的图片比例，生成一张抖音直播的截图，里面是 刘亦菲 在直播，刘亦菲 手里拿着牌子，牌子里写着 今晚直播，欢迎来参亦菲畅聊！,https://github.com/EvoLinkAI/awesome-gpt-image-2-API-and-Prompts/blob/main/cases/ui.md,CC0 1.0,可能包含品牌/IP引用
EvoLinkAI/awesome-gpt-image-2-API-and-Prompts,ui,Liu Yifei Douyin Livestream Screenshot,"9:16 的图片比例,生成一张抖音直播的截图,里面是 刘亦菲 在直播,刘亦菲 手里拿着牌子,牌子里写着 今晚直播,欢迎来参亦菲畅聊!",https://github.com/EvoLinkAI/awesome-gpt-image-2-API-and-Prompts/blob/main/cases/ui.md,CC0 1.0,可能包含品牌/IP引用
EvoLinkAI/awesome-gpt-image-2-API-and-Prompts,ui,Multi-Platform Content Screenshots,"1、生成视频号内容截图，主题：中老年不要盲目催婚，iPhone尺寸
2、生成抖音内容截图，主题：跟上AI浪潮9.9包教会，iPhone尺寸
3、生成小红书内容截图，主题：精致女孩背后都有网贷，iPhone尺寸
4、生成快手内容截图：主题：直播离婚预告，iPhone尺寸",https://github.com/EvoLinkAI/awesome-gpt-image-2-API-and-Prompts/blob/main/cases/ui.md,CC0 1.0,可能包含品牌/IP引用
EvoLinkAI/awesome-gpt-image-2-API-and-Prompts,ui,Museum-Style Hanfu Breakdown Infographic,"请根据【主题】自动生成一张“博物馆图鉴式中文拆解信息图”。

要求整张图兼具真实写实主视觉、结构拆解、中文标注、材质说明、纹样寓意、色彩含义和核心特征总结。你需要根据【主题】自动判断最合适的主体对象、服饰体系、器物结构、时代风格、关键部件、材质工艺、颜色方案与版式结构，用户无需再提供其他信息。

整体风格应为：国家博物馆展板、历史服饰图鉴、文博专题信息图，而不是普通海报、古风写真、电商详情页或动漫插画。背景采用米白、绢纸白、浅茶色等纸张质感，整体高级、克制、专业、可收藏。

版式固定为：
- 顶部：中文主标题 + 副标题 + 导语
- 左侧：结构拆解区，中文引线标注关键部件，并配局部特写
- 右上：材质 / 工艺 / 质感区，展示真实纹理小样并附说明
- 右中：纹样 / 色彩 / 寓意区，展示主色板、纹样样本和文化解释
- 底部：穿着顺序 / 构成流程图 + 核心特征总结

若主题适合人物展示，则以真实人物全身站姿为中央主体；若更适合器物或单体结构，则改为中心主体拆解图，但整体仍保持完整中文信息图形式。所有文字必须为简体中文，清晰、规整、可读，不要乱码、错字、英文或拼音。重点突出真实结构、材质差异、文化说明与图鉴气质。

避免：海报感、影楼感、电商感、动漫感、cosplay感、乱标注、错结构、糊字、假材质、过度装饰。",https://github.com/EvoLinkAI/awesome-gpt-image-2-API-and-Prompts/blob/main/cases/ui.md,CC0 1.0,
EvoLinkAI/awesome-gpt-image-2-API-and-Prompts,ui,One-Prompt UI Design Generation,用这种风格帮我生成一套UI设计系统，包含网页、移动端、卡片、控件、按钮 以及其它,https://github.com/EvoLinkAI/awesome-gpt-image-2-API-and-Prompts/blob/main/cases/ui.md,CC0 1.0,
EvoLinkAI/awesome-gpt-image-2-API-and-Prompts,ui,Song Dynasty Social Media Feed,"""宋朝人的朋友圈""/""SONG DYNASTY SOCIAL MEDIA FEED""，古今穿越幽默融合界面设计风格，画面模拟手机社交媒体界面，但内容全部是宋朝场景头像是宋代文人画像，用户名""苏东坡SuShi_Official""，发布内容""刚到黄州，被贬了但心情还行。今天自己做了东坡肉，味道绝了，附菜谱：""，配图为工笔画风格的东坡肉特写，点赞列表""黄庭坚、秦观、佛印等126人""，评论区""王安石：呵呵""""司马光：还是那个味道""，界面元素如点赞图标用宋代花纹替代，状态栏显示""大宋移动 5G""和""元丰三年""，配色为手机深色模式搭配宋代雅致色调，历史与社交媒体的趣味碰撞杰作",https://github.com/EvoLinkAI/awesome-gpt-image-2-API-and-Prompts/blob/main/cases/ui.md,CC0 1.0,
EvoLinkAI/awesome-gpt-image-2-API-and-Prompts,ui,Style-to-UI Design System,用这种风格帮我生成一套UI设计系统，包含网页、移动端、卡片、控件、按钮以及其它。把这套视觉风格作为参考生成网页。我尝试了宇宙、飞行、蝴蝶主题。,https://github.com/EvoLinkAI/awesome-gpt-image-2-API-and-Prompts/blob/main/cases/ui.md,CC0 1.0,
EvoLinkAI/awesome-gpt-image-2-API-and-Prompts,ui,Trump and Kim Livestream PK Screenshot,"1、生成特朗普和金正恩在抖音直播间打PK的截图  
2、生成不知火舞的小红书主页截图  
3、生成图片: 手写在教室黑板上的出师表全文,真实感的粉笔字迹,晴朗白天用iPhone手机实拍  
4、生成图片: T-800机器人的淘宝商品详情页,展示: 机器人的正面侧面背面三视图, 产品价格, 产品细节, 功能和使用场景等",https://github.com/EvoLinkAI/awesome-gpt-image-2-API-and-Prompts/blob/main/cases/ui.md,CC0 1.0,可能包含品牌/IP引用; 可能包含公众人物/肖像引用
EvoLinkAI/awesome-gpt-image-2-API-and-Prompts,ui,个人形象分析图卡,GPT-Image-2的一个妙用形象 这个提示词是一个老哥发我的 我试了下，效果也太强了 如果放在一年前 你可能三天三夜的ComfyUI工作流 才能做出来 提示词： 请根据我上传的人像照片，做一套个人形象分析图卡，包含发型、妆容、色彩和珠宝。要求：保留五官脸型肤色，不要过度修图，所有变化在同一张脸真实展示，风格干净高级。发型：长短、卷直、刘海，对比最适合/ 普通/不建议（显脸小、显老）妆容：眉眼鼻唇分析，标签（自然、提气色、柔和）色彩：不同颜色上身，对比推荐/普通/不适合（显白、显老）珠宝：珍珠、翡翠、红蓝宝、钻石、黄金，对比推荐/普通/不建议 整体：视觉为主，文字简短，4:5比例,https://github.com/EvoLinkAI/awesome-gpt-image-2-API-and-Prompts/blob/main/cases/ui.md,CC0 1.0,
EvoLinkAI/awesome-gpt-image-2-API-and-Prompts,ui,前后端数据库 SaaS 信息图,gpt image 2生图能力真的恐怖啊，这是我的提示词： 01 前端（用户看到的部分） 是什么：前端就是界面，是用户能看见、能点、能操作的部分。 在哪里：网页、小程序、App 的界面。 用什么做：HTML（结构）、CSS（样式）、JavaScript（交互）。 02 后端（背后处理的部分） 是什么：后端就是幕后大脑，负责逻辑和运算。 在哪里：服务器上，用户看不见。 作用： 处理登录注册 计算价格、推荐商品 接收前端请求、返回数据 常用的编程语言：Java、Python、Go、JavaScript（Node.js） 03 数据库（记忆的部分） 是什么：数据库就是用来存储和管理数据的。 存什么：账号、密码、订单、库存… 常见的数据库： MySQL、PostgreSQL（关系型，像表格一样） MongoDB（文档型，像文件夹一样） 04 SaaS（软件即服务） 是什么：SaaS = Software as a Service（软件即服务）。 核心特点： 打开网页/小程序/APP就能用 按月或按年订阅 常见形式：网站、移动 App、小程序都可以是 SaaS。 05 总结 前端：用户看到和操作的界面 后端：背后运行的逻辑和计算 数据库：存放和管理数据的地方 SaaS：把软件做成服务，用户随时通过网络使用 前端展示 → 后端处理 → 数据库存储 → SaaS 是交付方式 帮我针对上面的内容画一张易于理解的图,https://github.com/EvoLinkAI/awesome-gpt-image-2-API-and-Prompts/blob/main/cases/ui.md,CC0 1.0,
YouMind web detail,App / 网页设计,App UI 设计 - 音乐与健身,"{argument name=""界面类型"" default=""音乐播放器""}界面，{argument name=""视觉风格"" default=""深色毛玻璃风格""}，正在播放{argument name=""关键词"" default=""周杰伦歌曲""}",https://youmind.com/zh-CN/prompts/dark-frosted-glass-music-fitness-14757,CC BY 4.0,
YouMind web detail,App / 网页设计,UI 设计系统提示词,"用这种风格帮我生成一套{argument name=""主题"" default=""UI设计系统""}，包含{argument name=""组件列表"" default=""网页、移动端、卡片、控件、按钮 以及其它""} 

把这套视觉风格作为参考生成网页",https://youmind.com/zh-CN/prompts/ui-design-system-visual-style-13489,CC BY 4.0,
YouMind web detail,App / 网页设计,专业 UI 设计提示词,"渲染一个专业的 IOS APP 页面图片，类似{argument name=""参考平台"" default=""币安""}一样，但是内容类似 {argument name=""功能"" default=""XX""} 功能。要专业级的设计。",https://youmind.com/zh-CN/prompts/professional-ios-ui-mockup-13873,CC BY 4.0,
YouMind web detail,App / 网页设计,外卖 App UI 提示词,"外卖App首页界面，深夜模式，推荐""{argument name=""推荐专区"" default=""烧烤啤酒夜宵专区""}""",https://youmind.com/zh-CN/prompts/food-delivery-app-night-mode-14742,CC BY 4.0,
YouMind web detail,App / 网页设计,涂鸦素描风格模板,"以涂鸦速写风表现【{argument name=""主体"" default=""主题/主体""}】，整体呈现快速勾勒、自由变形、即兴手绘与草稿式的视觉效果。线条随手、夸张、可粗细不一，略显凌乱 but 具有节奏和表现力，强调概括、夸张、趣味 and 随性，而不是严谨写实或精细刻画。

颜色采用粗糙、干刷感明显的块面表现，可保留不均匀的涂抹痕迹、刷痕、飞白与覆盖感，色彩根据【{argument name=""主体"" default=""主题/主体""}】自动适配，但整体保持涂鸦式、速写式、概括式的表达。不要透明水彩晕染效果，不要细腻水彩过渡，不要纸纹理，不要柔和雾化，不要梦幻质感。

背景以留白为主，保持简洁、轻松、未完成感和设计感，可加入少量辅助性符号、箭头、记号、圈画、重复线、随手写的文字或其他涂鸦元素，以增强速写本或随笔式视觉语言，但不可过于拥挤，不可破坏主体和留白气质。

画面内容不需要预先写清楚，由【{argument name=""主体"" default=""主题/主体""}】自动推演并生成最适合的主体形象、动作、相关元素、符号或简化场景，整体保持统一的涂鸦速写风 and 夸张概括的表现方式，避免复杂写实背景 and 过度铺陈。
画面中需自然加入专属签名“voxcat”，作为画面的一部分，位置低调 but 清晰，可放在左下角、右下角或标题附近，风格需与整体版式统一，像作品署名或设计落款；签名字体精致、克制、高级，不可过大，不可破坏主体构图，不可显得突兀 or 廉价。",https://youmind.com/zh-CN/prompts/graffiti-sketch-doodle-13862,CC BY 4.0,
YouMind web detail,YouMind detail,2026-new-year-puzzle-4031,"[关键:保持精确的面部特征,保留原始脸部结构,图中角色与上传参考图完全一致] 高级摄影棚2x2宫格写真。左上格(海军蓝背景):人物穿海军蓝色制服风连衣裙,金色纽扣装饰,复古卷发配蓝色贝雷帽和珍珠耳环,她双手托举一块巨大的拼图块(左上角块,上面有""20""数字),向画面中心方向移动,眼神专注地看向中心拼图区域,表情认真,嘴角微笑,背景有海军条纹、船锚、""启航新年""字样。右上格(樱花粉背景):同一女性穿粉色蕾丝连衣裙,珍珠项链,公主头配粉色玫瑰花发夹和水晶耳环,她双手托举右上角拼图块(上面有""26""数字)向中心移动与左上格拼接,眼神看向拼图接缝处,表情专注期待,身体前倾,背景有粉色樱花、""美好相遇""字样、蝴蝶、花瓣。左下格(薄荷绿背景):同一女性穿薄荷绿色棉麻连衣裙,文艺风格,自然长发配绿色发带和木质耳环,她双手托举左下角拼图块(上面有""元旦""字样)向上移动与左上格对接,眼神看向拼图,表情认真,嘴巴微微抿起,背景有绿色植物、""希望生长""字样、新芽、叶子。右下格(柠檬黄背景):同一女性穿黄色连衣裙,向日葵图案,双马尾配黄色蝴蝶结,她双手托举最后一块右下角拼图(上面有""快乐""字样)完成拼图,四块拼图在画面中心完美拼成""2026元旦快乐""完整图案,她头后仰,眼睛看向完成的拼图,脸上洋溢着成功喜悦的笑容,画面中心爆出金色光芒和彩纸,背景有黄色太阳、""圆满成功""字样、笑脸、向日葵。四格之间拼图从四角汇聚到中心形成完整画面,清透妆容,明亮环形光,85mm镜头,f/1.8光圈,拼图互动四联构图,时尚杂志风格。",https://youmind.com/zh-CN/prompts/2026-new-year-puzzle-4031,CC BY 4.0,
YouMind web detail,YouMind detail,ai-prompt-19957,"请基于用户上传的真实户外照片进行风格化改造。

保留照片中的主体不变，主体可以是人物或动物。尽量保留主体的外貌识别度、姿态、服装、毛发、真实摄影感，不要换脸，也不要把主体彻底像素化。",https://youmind.com/zh-CN/prompts/ai-prompt-19957,CC BY 4.0,
YouMind web detail,YouMind detail,ai-prompt-20547,"请生成一张「虚实交融 · 城市印象」风格的竖版城市海报，主题为【城市标题】。

核心概念：
整张画面从左到右呈现“高完成度写实水彩 → 虚实融合 →",https://youmind.com/zh-CN/prompts/ai-prompt-20547,CC BY 4.0,
YouMind web detail,YouMind detail,wide-quote-card-portrait-151,"一张宽幅的名人金句卡，棕色背景，衬线体浅金色“{argument name=""金句"" default=""保持饥饿，保持愚蠢""}”，小字“——{argument name=""作者"" default=""Steve Jobs""}”，文字前面带一个大的淡淡的引号。人物头像在左边，文字在右边，文字占画面比例 2/3，人物占 1/3，人物有一点渐变过渡的感觉。",https://youmind.com/zh-CN/prompts/wide-quote-card-portrait-151,CC BY 4.0,
YouMind web detail,个人资料 / 头像,3D 社交媒体个人资料卡,"一只手中握着一张3D小红书个人资料卡，卡片中间方形镂空，一个{argument name=""角色"" default=""女孩""}随意地坐在卡片镂空的边缘，{argument name=""背景色调"" default=""温暖的米色和柔和的粉彩""}美学背景，逼真的深度和阴影，电影般的柔和光线，闪亮光滑的纹理，小红书风格的UI，漂浮的互动图标（点赞、评论、分享）带有发光的霓虹效果，闪光和光晕，背景中温馨的美学布置包括书籍、花瓶里的花和一台复古相机，梦幻氛围，Pixar风格+半现实主义融合，超高品质，4K，居中构图，高端影响者美学",https://youmind.com/zh-CN/prompts/3d-social-profile-card-18797,CC BY 4.0,可能包含品牌/IP引用
YouMind web detail,个人资料 / 头像,3D 社交媒体个人资料破屏而出,"一幅超寫實的3D插畫，描繪了一個略微傾斜的Twitter/X個人資料介面，背景為簡潔的黑色。原有的頭像（卡通女孩頭像）保持不變。個人資料介面與一張圖2完全一致，用戶名為“{argument name=""用戶名"" default=""Aigirl""}”，帶有認證徽章、詳細的個人簡介、粉絲數和推文欄。 螢幕右側，一位{argument name=""角色描述"" default=""圖1""}。她的五官與原圖相同（臉部未做任何修改），但現在擁有了燦爛自然的笑容、靈動的眼神和柔和透亮的肌膚。她一半身子在螢幕上掙脫，以動態的3D效果從螢幕中躍然而出。 螢幕掙脫造成的波紋劇烈晃動著。燈光採用柔和的影棚燈光，並帶有電影般的陰影 and 景深。超精細的4K分辨率，逼真的畫面与皮克斯風格的融合，畫面清晰銳利，在ArtStation上廣受歡迎。 重要提示： - 請勿變更頭像 (DP) - 保持 X 介面版面配置和文字樣式不變 - 保留女孩原有的臉部特徵 - 僅可將表情調整為自然微笑",https://youmind.com/zh-CN/prompts/3d-profile-breakout-13861,CC BY 4.0,可能包含品牌/IP引用
YouMind web detail,个人资料 / 头像,拼拼豆豆风格肖像,"以{argument name=""风格"" default=""拼豆风格""}绘制出图片中的主体人物，颜色接近画面中效果，背景换成{argument name=""背景"" default=""比较简单的装饰""}，整体画面温馨",https://youmind.com/zh-CN/prompts/perler-bead-style-character-illustration-20022,CC BY 4.0,
YouMind web detail,个人资料 / 头像,逼真的 iPhone 自拍风格东亚女性肖像,"生成一张 {argument name=""比例"" default=""9:16""} 竖版写实感人物照片，参考高级手机自拍质感，但不要完全普通生活照。整体像是用 iPhone 前置摄像头在温馨卧室中拍摄的精致自拍，保留柔和美型、干净构图和自然高级感。画质为真实手机照片质感，有轻微噪点、轻微柔焦和自然光感，但人物依然精致、漂亮、肤质自然干净，不要变成粗糙低质照片。画面中是一位{argument name=""人物描述"" default=""成年东方女性""}，坐在温馨卧室床上，上半身近景自拍构图，镜头略微从上方俯拍，人物位于画面中央偏右，头部微微低下，视线安静看向右下方，表情自然、平静、温柔，嘴唇自然闭合，整体气质柔和、成熟、安静。人物拥有浅蓝色或冰蓝色长发，发丝自然蓬松，有轻微凌乱感，部分头发垂落在脸侧和肩颈周围。人物保持精致写实美型，脸型柔和自然，五官清秀，皮肤白皙但不过度磨皮，可保留少量真实肤质纹理、细小毛孔、轻微肤色不均和几处很淡的小黑痣，但整体仍然干净、柔和、好看。人物身材丰腴，肩颈线条柔和，胸部饱满，不卡通化。服装为{argument name=""服装"" default=""浅蓝色丝缎吊带睡裙""}，带白色蕾丝花边，胸前有简洁小蝴蝶结和自然褶皱，布料柔软贴合身体，呈现真实丝缎材质光泽。人物一只手自然轻轻拉住肩带或肩部附近衣料，手指数量正常，姿态自然。背景为温馨卧室，有床铺、浅色床品、木质床头柜、暖黄色床头灯、窗帘和柔和室内光。背景轻微虚化，保留真实居家空间感。光线为室内暖光与自然光混合，略微偏暖，画面柔和、亲密、生活化，但保持干净高级。整体风格：写实手机自拍、高级自然美型、轻微 iPhone 前置摄像头质感、柔和暖光、自然肤质、真实比例、温馨卧室、精致但不过度商业修图。",https://youmind.com/zh-CN/prompts/realistic-female-iphone-selfie-portrait-21875,CC BY 4.0,可能包含品牌/IP引用
YouMind web detail,产品营销,GPT Image 2 身份保持肖像提示词,"请只把我上传的照片作为人物身份参考，用于保留本人真实长相。不要保留原照片里的背景、衣服、道具、坐姿和拍摄环境，请重新生成一张全新的{argument name=""写真类型"" default=""鬼马少女棚拍写真""}。

请严格保留本人真实身份特征，包括脸型、五官比例、眼睛、鼻子、嘴唇、肤色、年龄感、发际线、发型基础和整体气质，不要变成陌生人，不要欧美化，不要过度美颜，不要 AI 假脸。

发型请根据上传照片自然延展：
- 头发长度保持同一等级
- 是否有刘海遵循原图
- 如果原图是黑发，请处理为深棕黑、黑茶色或自然深咖色，不要纯黑死黑
- 只做写真化优化，不要大幅换发型

妆容统一为{argument name=""妆容风格"" default=""韩系鬼马少女妆""}：
清透奶油肌，自然平眉，浅粉棕或蜜桃粉眼妆，卧蚕明显，纤长睫毛，细眼线，大面积粉色或蜜桃粉腮红延伸到眼下并带一点鼻尖红晕，嘴唇为水润草莓粉或蜜桃粉。整体甜、灵、俏皮，不要浓妆，不要欧美妆。

整体风格为{argument name=""视觉风格"" default=""韩系少女杂志感、鬼马感、甜酷混合、精致棚拍写真""}。背景为浅灰白或奶白色无缝摄影棚背景，光线柔和明亮，画面干净通透，带轻微胶片颗粒感和 editorial 质感。",https://youmind.com/zh-CN/prompts/gpt-2-identity-preserving-portrait-18577,CC BY 4.0,
YouMind web detail,产品营销,中国古典风手机壳设计,"{argument name=""联名主题"" default=""王熙凤""}联名手机壳，凤冠霞帔金丝浮雕，背面烫金凤凰纹饰",https://youmind.com/zh-CN/prompts/phoenix-crown-phone-case-14749,CC BY 4.0,
YouMind web detail,产品营销,从产品灵感中进行时尚设计,"以这件商品为灵感，设计一套{argument name=""风格"" default=""清凉风格""}女装",https://youmind.com/zh-CN/prompts/product-inspired-clothing-set-16814,CC BY 4.0,
YouMind web detail,产品营销,以产品为灵感的时尚设计,"以这件商品为灵感，设计一套{argument name=""风格"" default=""清凉风格""}女装。",https://youmind.com/zh-CN/prompts/product-inspired-fashion-line-17078,CC BY 4.0,
YouMind web detail,产品营销,动漫角色服装解构,"拆解角色服装，生成服装设计图，并套用在普通东亚女性身上，{argument name=""比例"" default=""3:2""}",https://youmind.com/zh-CN/prompts/anime-clothing-deconstruction-diagram-17332,CC BY 4.0,
YouMind web detail,产品营销,古典油画时尚分析,"拆解图中核心角色的穿搭，生成服装设计图，{argument name=""比例"" default=""3:2""}",https://youmind.com/zh-CN/prompts/liberty-leading-fashion-design-17335,CC BY 4.0,
YouMind web detail,产品营销,复古中式餐饮徽章 Logo,"请根据用户输入的【{argument name=""品牌名"" default=""品牌名 / 项目名""}】【{argument name=""产品名"" default=""副标题 / 产品名""}】【类型 / 行业】【地域风味】【品牌定位】【核心关键词】【核心图形】【核心食物 / 品类元素】【情绪气质】【主色调】【辅助色】【画幅比例】，设计一个高完成度的「国潮复古餐饮徽章 Logo / Chinese Retro",https://youmind.com/zh-CN/prompts/retro-chinese-catering-logo-badge-21340,CC BY 4.0,可能涉及Logo/标识
YouMind web detail,产品营销,怀旧电影票根提示词,"{argument name=""电影名称"" default=""荆轲刺秦""}电影票根，{argument name=""图案"" default=""匕首地图展开图案""}，文案""{argument name=""文案"" default=""图穷匕见""}""",https://youmind.com/zh-CN/prompts/nostalgic-movie-ticket-stub-15928,CC BY 4.0,
YouMind web detail,产品营销,技术无人机工程蓝图,"{argument name=""产品"" default=""四轴无人机""} 带尺寸工程图，包括不限于下面这些内容，记得角落做一些产品概念图

三视图：主视图、俯视图、左视图，用二维表达三维结构
零件图：每个零件单独画，带尺寸、孔位、材料、公差
装配图：说明各零件怎么装在一起
爆炸图 / 爆炸装配图：把零件拆开排布，方便看结构关系
剖视图：把内部结构切开表达
BOM 表：物料清单，写明零件名称、数量、规格
尺寸标注图：把可制造、可复刻需要的关键尺寸写全",https://youmind.com/zh-CN/prompts/4-axis-drone-blueprint-15198,CC BY 4.0,
YouMind web detail,产品营销,暗黑古风包装设计,"{argument name=""人物"" default=""潘金莲""}同款{argument name=""产品"" default=""砒霜""}包装盒设计，古风暗黑系，{argument name=""主题"" default=""水浒""}周边文创产品",https://youmind.com/zh-CN/prompts/dark-ancient-chinese-packaging-14761,CC BY 4.0,
YouMind web detail,产品营销,泳装时尚杂志广告,"泳装时尚杂志广告页面，4:3 ，日本模特， S型曲线，{argument name=""颜色"" default=""蓝色""}色系。（变换姿势和风格，四宫格展示）",https://youmind.com/zh-CN/prompts/fashion-magazine-swimwear-layout-21075,CC BY 4.0,
YouMind web detail,产品营销,皇家香水广告提示词,"{argument name=""人物"" default=""武则天""}同款皇后香水广告，龙纹金瓶，暗黑宫廷氛围感大片",https://youmind.com/zh-CN/prompts/empress-perfume-dark-palace-14748,CC BY 4.0,
YouMind web detail,产品营销,精致浮雕刺绣插画,"精致立体刺绣风插画，浅浮雕纤维艺术效果，纯净「{argument name=""底色"" default=""蚕丝白 + 奶白""}」底色，细腻丝线质感。画面为{argument name=""主体"" default=""数只小鸟""}停在蜿蜒花枝上，周围点缀{argument name=""点缀色"" default=""粉白、浅桃、珊瑚粉、淡金色""}花朵与叶片，构图轻盈雅致、留白充足。鸟儿羽毛以奶白、浅蓝、淡粉、浅金丝线刺绣表现，花枝纤细自然，花朵层层叠线，整体呈现高级手工刺绣、丝线堆绣、柔和光影、细节丰富、温柔清新的艺术效果。",https://youmind.com/zh-CN/prompts/relief-embroidery-bird-floral-16299,CC BY 4.0,
YouMind web detail,产品营销,身姿丰满的成熟中国模特泳装照,"丰腴身材，S曲线，轮廓饱满，{argument name=""模特"" default=""中国成熟美女""}模特，{argument name=""服装"" default=""泳装""}",https://youmind.com/zh-CN/prompts/mature-chinese-swimwear-model-21876,CC BY 4.0,
YouMind web detail,产品营销,迭代式电影海报提示词,"第一轮：{argument name=""产品链接"" default=""https://t.co/KCaX1FvRqz""} 从这个网站以及网络获取这个产品的信息，并生成能打动用户的宣传海报
第二轮：太美了，参考电影 {argument name=""电影1"" default=""her""} 的配色吧
第三轮：wow 太酷了，再用 {argument name=""电影2"" default=""银翼杀手2049 joi""} 的风格来一版本吧
第四轮：再以{argument name=""电影3"" default=""2001太空漫游""}的风格来一个版本吧",https://youmind.com/zh-CN/prompts/cinematic-poster-iterations-14336,CC BY 4.0,
YouMind web detail,产品营销,逼真的比基尼模特摄影,"{argument name=""泳装类型"" default=""泳装""}，{argument name=""比例"" default=""3:4""}，{argument name=""模特"" default=""日本模特""}， S型曲线，自然光线，真实摄影感",https://youmind.com/zh-CN/prompts/realistic-bikini-model-photography-21078,CC BY 4.0,
YouMind web detail,产品营销,高级时装秀提示词,"{argument name=""角色"" default=""虞姬""}试穿高定礼服，{argument name=""衣服描述"" default=""红色拖尾长裙佩剑""}，{argument name=""地点"" default=""巴黎秀场""}聚光灯下",https://youmind.com/zh-CN/prompts/high-fashion-runway-spotlight-15920,CC BY 4.0,
YouMind web detail,信息图 / 教育视觉图,世界文明时空地图,"可视化展示 {argument name=""主题"" default=""世界文明 5000 年时空图""}，时间、空间维度都要有，科普风，细节准确",https://youmind.com/zh-CN/prompts/world-civilization-spatiotemporal-map-15547,CC BY 4.0,
YouMind web detail,信息图 / 教育视觉图,中医经络信息图,"{argument name=""经脉名称"" default=""手太阴肺经""}经络腧穴科普图，仙侠国风半写实动漫插画风格，水墨晕染意境，人物设定：{argument name=""角色原型"" default=""小乔""}，姿态专为展露【对应解剖区域】设计，使该区域所有穴位可见且无遮挡，穴位可视化（强精准约束）：{argument name=""穴位光影颜色"" default=""阴经：蓝白冷光 / 阳经：橙金热光""}发光穴位光点，每个光点严格锚定至对应解剖标志（骨性凹陷/横纹/肌腱间隙），【颜色】流光连线沿经脉标准走向连接所有穴位，阴经走手臂屈侧/腿部内侧，阳经走手臂伸侧/腿部外侧，五腧穴遵守分布规律：井穴在甲角、荥输在掌跖、经原在腕踝、合穴在肘膝，特定穴光点直径为普通穴1.5倍，发光强度加倍，相邻穴位间距按同身寸比例分布，不得任意压缩，穴位标注（逐一列出）：【按经脉循行顺序逐穴列出，格式：穴名[属性]】引线从光点中心引出，不得交叉，标注依经脉走向左右交替排布，解剖精准负向约束：禁止穴位出现在骨骼实体表面，禁止经络连线越过阴阳界限，禁止相邻穴位合并为单一光点，禁止标注引线与目标穴位错位，禁止任何穴位偏离其解剖标志超过0.5寸，背景：温暖羊皮纸肌理，淡雅水墨意境，标题栏：【左/右】上角竖排，灰蓝底色白字""{argument name=""经脉全名"" default=""手太阴肺经""}""，品质：小红书科普信息图标准，人物美感与穴位精准度双优先",https://youmind.com/zh-CN/prompts/chinese-medicine-meridian-infographic-16815,CC BY 4.0,可能包含品牌/IP引用
YouMind web detail,信息图 / 教育视觉图,中国朝代信息图,"{argument name=""主题"" default=""中国朝代""}时间长河信息图，波浪形时间轴配小图标，{argument name=""版式"" default=""竖版设计""}",https://youmind.com/zh-CN/prompts/chinese-dynasty-river-timeline-15196,CC BY 4.0,
YouMind web detail,信息图 / 教育视觉图,传统手相分析信息图,"你现在是一位{argument name=""角色"" default=""专业的中国传统手相研究者""}，熟读《麻衣相法》《柳庄相法》《水镜神相》等经典著作。请根据我上传的这张手相图片，分析掌纹特征并生成一张中国传统命理风格的手相分析信息图。分析时可以关注：- 主要掌纹（生命线、智慧线、感情线、事业线、财运线）的走向和特征 - 手型特征和五行属性 - 性格天赋和核心特质 - 事业、财运、感情、健康等人生维度 - 可能的人生关键转折期 信息图风格建议：- 中国传统命理美学，可以用{argument name=""视觉风格"" default=""水墨风、金色点缀""} - 在图中使用我上传的手相照片作为主视觉 - 可以在手相照片上标注主要掌纹位置 - 用传统符号和图案装饰（如五行、八卦、祥云等） - 布局清晰，信息分层展示 - 整体氛围神秘而专业 请基于我上传的手相照片，分析并生成这张信息图。",https://youmind.com/zh-CN/prompts/traditional-palmistry-analysis-poster-18812,CC BY 4.0,
YouMind web detail,信息图 / 教育视觉图,博物馆风格信息图解拆解,"请根据【主题：{argument name=""主题"" default=""汉服""}】自动生成一张“博物馆图鉴式中文拆解信息图”。

要求整张图兼具真实写实主视觉、结构拆解、中文标注、材质说明、纹样寓意、色彩含义和核心特征总结。你需要根据【主题】自动判断最合适的主体对象、服饰体系、器物结构、时代风格、关键部件、材质工艺、颜色方案与版式结构，用户无需再提供其他信息。

整体风格应为：国家博物馆展板、历史服饰图鉴、文博专题信息图，而不是普通海报、古风写真、电商详情页或动漫插画。背景采用米白、绢纸白、浅茶色等纸张质感，整体高级、克制、专业、可收藏。

版式固定为：
- 顶部：中文主标题 + 副标题 + 导语
- 左侧：结构拆解区，中文引线标注关键部件，并配局部特写
- 右上：材质 / 工艺 / 质感区，展示真实纹理小样并附说明
- 右中：纹样 / 色彩 / 寓意区，展示主色板、纹样样本和文化解释
- 底部：穿着顺序 / 构成流程图 + 核心特征总结

若主题适合人物展示，则以真实人物全身站姿为中央主体；若更适合器物或单体结构，则改为中心主体拆解图，但整体仍保持完整中文信息图形式。所有文字必须为简体中文，清晰、规整、可读，不要乱码、错字、英文或拼音。重点突出真实结构、材质差异、文化说明与图鉴气质。",https://youmind.com/zh-CN/prompts/museum-style-infographic-breakdown-13977,CC BY 4.0,
YouMind web detail,信息图 / 教育视觉图,历史事件地图插画师,"历史事件地图插图师

您是一位专业的历史信息图表设计师。根据用户指定的【主题】历史内容，生成一个纵向的、两部分的地图和场景插图，匹配参考图像的水彩/插图风格。

布局结构：
1. 上半部分：

详细的地图，展示历史事件的路线、关键地点和方向箭头
清晰标注城市、地区和水体名称
标注主要战役地点和重要驿站
2. 下半部分：

生动、戏剧性的场景插图
描绘该历史事件的关键时刻（战役、行军、重大事件等）
3. 标题/标头：

粗体标题显示""{argument name=""历史事件"" default=""甲午中日战争（大写）""}""
包含副标题和日期
视觉风格要求：
温暖的水彩插图纹理
历史细节准确
清晰的排版设计
纵向格式
4K超高清分辨率
直接图像生成

主题：{argument name=""主题"" default=""甲午中日战争""}
比例：{argument name=""比例"" default=""3:4""}",https://youmind.com/zh-CN/prompts/historical-map-infographic-17330,CC BY 4.0,
YouMind web detail,信息图 / 教育视觉图,历史人物日历提示词,"历史{argument name=""人物类别"" default=""名臣""}日历，365天每天一位历史人物名言配插画肖像",https://youmind.com/zh-CN/prompts/historical-figure-daily-calendar-15934,CC BY 4.0,
YouMind web detail,信息图 / 教育视觉图,古典书法卷轴提示词,"结合{argument name=""作品内容"" default=""王羲之的《兰亭集序》""}里的内容，生成一副书法帖图片，要求图片背景符合{argument name=""背景意境"" default=""《兰亭集序》的意境""}，背景图可以使用蒙版，前景是{argument name=""前景内容"" default=""《兰亭集序》""}",https://youmind.com/zh-CN/prompts/lantingji-xu-scroll-13859,CC BY 4.0,
YouMind web detail,信息图 / 教育视觉图,工程草图美学,"-  纯白色背景，大量留白
- 工程图纸线条风格（细腻、精确）
- 手写体标题（深灰色）
- 工程标注方式展示步骤
- 淡蓝色、淡绿色、淡橙色水彩点缀（高透明度）
- 类似苹果/特斯拉产品设计手稿的现代感
- 简洁图标配合步骤说明
- 清爽、专业、科技感",https://youmind.com/zh-CN/prompts/engineering-sketch-aesthetic-16525,CC BY 4.0,
YouMind web detail,信息图 / 教育视觉图,手绘风格信息图卡片提示词,"创作一张手绘风格的信息图卡片，比例为9:16竖版。卡片主题鲜明，背景为带有纸质肌理的米色或米白色，整体设计体现质朴、亲切的手绘美感。

卡片上方以红黑相间、对比鲜明的大号毛笔草书字体突出标题，吸引视觉焦点。文字内容均采用中文草书，整体布局分为2至4个清晰的小节，每节以简短、精炼的中文短语表达核心要点。字体保持草书流畅的韵律感，既清晰可读又富有艺术气息。

卡片中点缀简单、有趣的手绘插画或图标，例如人物或象征符号，以增强视觉吸引力，引发读者思考与共鸣。整体布局注意视觉平衡，预留足够的空白空间，确保画面简洁明了，易于阅读和理解。

主题是：“{argument name=""主题内容"" default=""做IP是长期复利，坚持每日出摊，持续做，肯定会有结果，因为99%都坚持不住的。""}”",https://youmind.com/zh-CN/prompts/hand-drawn-infographic-card-14744,CC BY 4.0,
YouMind web detail,信息图 / 教育视觉图,手绘风格照片标注,"请观察照片中的元素、并为每个物件加上有意义的 手绘风注解。请填写照片中的物品。
描述规则：•使用像{argument name=""画笔颜色"" default=""白色""}笔画的细线手绘线条•一笔画风格、随性、略带不均匀感•沿着物件外围加上描边轮廓•用箭头或虚线做出视线引导
文字规则：•手写风格字体（{argument name=""字体风格"" default=""日系可爱感""}）•句子简短、像自言自语的小碎念•语气偏日记感、带一点情绪
注解生成规则：不要过度装饰，保留空白空间",https://youmind.com/zh-CN/prompts/japanese-hand-drawn-photo-annotation-17326,CC BY 4.0,
YouMind web detail,信息图 / 教育视觉图,技术动画分镜网格,"单色灰度插画、3D渲染角色、清晰的教学参考表、白色背景、漫画风格网格布局、技术图表美感。

[布局]
4×4 网格布局，共16个面板。每个面板由细黑边框分隔。单元格编号1-16，面板大小一致。

[角色]
图像1（同一角色在所有面板中保持一致）

[面板结构-每个单元格]

左上角：加粗数字徽章+英文标题文本
中间：全身角色姿势插画
左下角：英文描述文本（3-4行）
覆盖层：显示运动流向和方向的方向箭头

[箭头/运动指示]
曲线箭头、直线箭头和圆形旋转指示器放在角色周围，显示运动流向。

[渲染风格]
高度细节的3D雕塑风格、柔和摄影棚灯光、细微阴影、无色调、灰度阴影、干净线稿、游戏概念艺术质量。

[负面]
无背景场景、无色调、无其他角色、无复杂背景。",https://youmind.com/zh-CN/prompts/technical-animation-storyboard-grid-17850,CC BY 4.0,
YouMind web detail,信息图 / 教育视觉图,技术蓝图信息图风格,"""{argument name=""主题"" default=""[对象]""}的高级技术信息图。在一张专业且逼真的新照片中重新诠释主题，照片干净明亮，背景更合适且更具美感。保持物品作为真实照片，而非插图。添加一个技术蓝图风格的叠加图，包含白线、箭头、尺寸、标签以及零件、材料、尺寸 and 功能的小型示意图。清晰、优雅且信息丰富的文章。在左上角放置一个写有“{argument name=""标签内容"" default=""OBJECT""}”的草图框。1：1 维度。""",https://youmind.com/zh-CN/prompts/technical-blueprint-infographic-15239,CC BY 4.0,
YouMind web detail,信息图 / 教育视觉图,教育课堂场景提示词,"生成一张真实的大学教室照片，iPhone16质感，{argument name=""老师"" default=""XX老师""}在教{argument name=""学科知识"" default=""XX知识""}，黑板上有详细而清晰的粉笔介绍，有图形辅助理解，不需要同学",https://youmind.com/zh-CN/prompts/realistic-university-classroom-chalkboard-15190,CC BY 4.0,可能包含品牌/IP引用
YouMind web detail,信息图 / 教育视觉图,数学可视化信息图提示词,"请创作一张关于「{argument name=""知识点"" default=""数学概念/知识点""}」的数学可视化信息图，目标是帮助读者直观理解：它是什么、为什么成立、几何/结构直觉是什么、在不同场景下如何表现。画面要像高质量数学讲义 + 手绘教育海报，优雅、清晰、信息丰富，但不要杂乱。

视觉风格：{argument name=""画面比例"" default=""竖版或横版均可""}，干净的浅色纸张背景，深蓝标题，黑色/深灰正文线条，搭配少量优雅的蓝色、青绿色、金色、红色强调色。使用圆角卡片、细线边框、编号标签、手绘箭头、局部放大框和总结栏。整体要美观、平衡、有学术感，让人一眼看懂这个概念的“结构”和“为什么”。",https://youmind.com/zh-CN/prompts/hand-drawn-math-infographic-16260,CC BY 4.0,
YouMind web detail,信息图 / 教育视觉图,极简教育信息图模板,"一张干净的教育类信息图海报，讲解「{argument name=""知识主题"" default=""知识主题""}」，

【整体风格】
现代极简UI风格，
背景使用柔和浅色（如奶油色 #FAF7F2 / 浅灰蓝），
配色克制、舒适，适合长时间阅读，

【核心要求（关键）】
根据“知识主题”的信息结构，自然组织内容模块，
不要强制固定模块数量或顺序，
优先保证信息逻辑清晰，而不是形式对称，

【布局（自适应）】
- 使用网格布局（自动选择 2列 / 3列 / 不规则分布）
- 卡片数量根据内容自动调整（通常 5–9 个）
- 信息密度高的模块可适当放大（视觉权重更高）
- 简单内容模块可缩小或合并

【卡片设计】
- 白色卡片（#FFFFFF）
- 圆角 + 轻微阴影（柔和层级）
- 保持统一间距和对齐

【每个信息模块包含】
- 简洁插图（统一风格）
- 清晰标题（强层级）
- 1–3句核心说明（避免冗长）
- 必要时提供示例 / 对比 / 小结

【内容组织原则（重点）】
根据主题自动选择合适结构，例如：
- 概念类 → 定义 + 原理 + 特点 + 示例
- 对比类 → A vs B（对照结构）
- 流程类 → 步骤 / 流程图
- 系统类 → 组成部分 + 关系
- 技能类 → 方法 + 技巧 + 常见误区

【视觉层级】
- 标题 > 模块标题 > 正文 > 辅助信息
- 重要信息可用颜色或图标强调

【配色建议】
- 主色：根据主题选择（科技=蓝，学习=绿，警告=橙）
- 辅色：1–2种即可
- 避免高饱和、避免花哨

【风格要求】
- 大量留白，呼吸感强
- 图标统一（线性或扁平）
- 高可读性优先
- 教学导向清晰

【额外优化（可选）】
- 可以加入：对比块 / 流程箭头 / 结构图
- 可以有一个“核心总结”模块作为视觉收尾",https://youmind.com/zh-CN/prompts/minimalist-educational-infographic-16270,CC BY 4.0,
YouMind web detail,信息图 / 教育视觉图,校园教育报纸,"1、生成一张{argument name=""主题"" default=""校园日报""}，主题{argument name=""内容"" default=""AI教育""}
2、生成一张{argument name=""餐厅类型"" default=""潮菜馆""}菜单图
3、生成{argument name=""教材版本"" default=""人教版小学三年级语文""}课本的一页
4、生成一张2026年4月18日的老黄历",https://youmind.com/zh-CN/prompts/minimalist-document-layouts-13704,CC BY 4.0,
YouMind web detail,信息图 / 教育视觉图,水墨风演示 Slides,"Title: {argument name=""标题"" default=""在此输入幻灯片标题""}

Key Points:
- [要点 1：简洁的描述]
- [要点 2：核心数据或事实]
- [要点 3：关键结论]

Visual Elements: 
[描述视觉元素，例如：纹理宣纸背景 (Textured rice paper background)、水墨山水 (Ink-wash motifs)、简约的圆圈 (Enso circle)、红色印章 (Red seal mark)、雾气效果 (Mist-grey effects)]。
整体风格应保持 {argument name=""视觉风格"" default=""Quiet / Restrained / Wabi-Sabi / Contemporary East-Asian Luxury""}。

Layout Preference: 
[布局说明，例如：左右分割 (Split layout)、居中对齐 (Centered layout)、文字居左且右侧留白 (Left-aligned text with negative space)]。

Text Hierarchy: 
[文字层级，例如：标题使用大号衬线字体 (Large Display Serif)，正文使用易读的衬线字体 (Body Serif)，确保视觉平衡和清晰的阅读顺序]。

Continuity Note: 
[延续性说明，例如：保持与前一页相同的背景纹理和色调 (#F5F0E8, #2C3E2D)，使用相似的印章位置以维持视觉一致性]。",https://youmind.com/zh-CN/prompts/ink-wash-slides-layout-template-19268,CC BY 4.0,
YouMind web detail,信息图 / 教育视觉图,逼真的教科书桌面场景,"书桌上摆着两本摊开的书，一本书是{argument name=""第一本书"" default=""小学语文课本""}，一本是{argument name=""第二本书"" default=""小学数学课本""}，课本内容清晰。",https://youmind.com/zh-CN/prompts/realistic-textbook-desk-scene-13989,CC BY 4.0,
YouMind web detail,信息图 / 教育视觉图,逼真的黑板文字渲染,"手写在教室黑板上的{argument name=""文字内容"" default=""出师表全文""}，真实感的粉笔字迹，{argument name=""光照"" default=""晴朗白天""}用{argument name=""拍摄设备"" default=""iPhone手机""}实拍",https://youmind.com/zh-CN/prompts/realistic-chalkboard-handwriting-13982,CC BY 4.0,可能包含品牌/IP引用
YouMind web detail,信息图 / 教育视觉图,食物生命周期信息图提示词,"以“{argument name=""食物名称"" default=""大蒜""}的一生”为主题的科普信息图。

画面中必须是“一个完整的单体食物”（如一个土豆 / 一把香蕉 / 一头大蒜），
通过横向切片的方式，表现同一个食物在不同时间阶段的变化，而不是多个不同食物拼接。

食物主体保持结构连续、形状一致，只是在不同切片区域呈现不同成熟度（像时间被切开）。

画面为竖版3:4比例，主体居中横向展开，被均匀分割为4-6段：

从左到右：未成熟 → 成熟 → 过熟 → 变质

每一段体现真实变化：

颜色变化（青→黄→黑等）
质地变化（饱满→软化→皱缩→腐坏）
特征变化（发芽、出水、霉变等）

每个阶段配文字说明：

阶段名称
外观特点
内部变化（糖分/淀粉/水分变化）
食用建议（推荐/适合烹饪/不可食用）

设计风格：

极简浅色背景（米色）
高真实感摄影风格
清晰分割线（时间切片感）
中文科普排版，小红书风格
适当使用⚠️✔️等标识

画面顶部标题：“{argument name=""食物名称"" default=""大蒜""}的一生”

关键要求：必须表现为“同一个食物随时间变化的切片”，而不是多个独立个体拼接",https://youmind.com/zh-CN/prompts/food-lifecycle-time-slices-14756,CC BY 4.0,可能包含品牌/IP引用
YouMind web detail,团体 / 情侣,90 年代中国毕业照提示词,"{argument name=""年代"" default=""90年代""}{argument name=""场景"" default=""中国高中在教室拍的毕业合照""}",https://youmind.com/zh-CN/prompts/90s-chinese-graduation-classroom-15540,CC BY 4.0,
YouMind web detail,海报 / 传单,《死神》风格高冲击力漫画海报,"超高细节二次元热血漫画风角色海报，{argument name=""角色描述"" default=""少年死神角色正面半身特写，橙色炸毛短发，琥珀色眼睛，佩戴黑色圆框复古墨镜，冷峻严肃表情""}，正中央对称构图，镜头直视观众，强烈压迫感。眼镜镜片中倒映大量黑白漫画分镜与角色画面，背景也由密集的日漫漫画页拼贴组成，形成“角色记忆 / 名场面回顾”的视觉效果。前景漂浮多条高速运动的漫画分镜条带，带有动态模糊与景深虚化效果，穿插画面上下，营造速度感与空间层次。画面中散落{argument name=""能量粒子"" default=""蓝色灵压粒子 / 荧光能量碎片""}，形成冷暖撞色（橙发 vs 蓝色粒子）。整体采用《BLEACH》式热血少年漫画美学，融合现代潮流海报设计与高级动漫商业视觉。anime key visual, BLEACH style, manga collage poster, cinematic anime lighting, reflective glasses, manga panels reflection, dynamic motion blur, orange spiky hair, intense stare, ultra detailed anime illustration, shonen jump aesthetic, layered composition, high contrast shading, cel shading, glowing blue particles, dramatic close-up portrait, symmetrical composition, manga montage background, Japanese comic aesthetic, premium anime poster",https://youmind.com/zh-CN/prompts/bleach-style-manga-character-poster-19265,CC BY 4.0,
YouMind web detail,海报 / 传单,传统工笔重彩花鸟画,"传统工笔重彩风格，{argument name=""场景"" default=""湖畔园林亭台""}。枝头{argument name=""花卉"" default=""牡丹""}盛开，画面中一对{argument name=""动物"" default=""鸳鸯""}栖息在横向伸展的牡丹枝干上，姿态亲昵，羽毛层次细腻、色彩典雅，呈现精致的工笔勾线与淡彩晕染效果。宣纸质感背景，构图呈现典雅的花鸟情趣。--ar 3:2",https://youmind.com/zh-CN/prompts/gongbi-mandarin-ducks-peonies-15548,CC BY 4.0,
YouMind web detail,海报 / 传单,双重曝光城市宣传海报,"一张充满{argument name=""氛围"" default=""新春喜庆""}氛围但不失高雅格调的 {argument name=""年份"" default=""2026""} 城市宣传海报。双重曝光，构图延续了S型的流动感；在纯白的纹理背景右下角，一个身穿中国传统服饰的微缩人物正在挥舞着一条长长的红色丝绸舞带，这条红绸在空中舞动，不仅展现出丝绸的柔顺质感，更在向左上方飘动的过程中，奇幻地变形成了一条壮丽的山脉河流。在这条“河流”中，叠加了一个有山有海河的广州城市手绘图，国潮，景色尽在眼底，壮阔雄伟，令人震撼。广州的地标建筑(广州塔，珠江新城建筑群，珠江, 广州城里古建筑，游轮，白云山）。云雾环绕，仙气缥缈，色彩丰富，结构复杂，细节丰富，但因为大面积的留白，画面依然显得清新脱俗，左下角排版着“SPRING 2026”和竖排的宣传语，整体寓意“{argument name=""宣传语"" default=""千年商都，魅力广州""}”。文字排版优美，大方，字迹清晰完整，尺寸9:16。",https://youmind.com/zh-CN/prompts/guangzhou-double-exposure-poster-13857,CC BY 4.0,
YouMind web detail,海报 / 传单,史诗叙事剪影海报,"根据我的人物肖像自动生成一张收藏版史诗叙事海报({argument name=""主题"" default=""毕业照""}:巨大的我的侧脸剪影作为外轮廓，剪影内部自动生长出最契合该主题的完整世界观、标志性场景、角色关系、象征符号、关键建筑、生物、道具与氛围({argument name=""场景元素"" default=""校园+毕业""})。

整体不是普通拼贴，而是高级的剪影轮廓填充式叙事合成，带有双重曝光式联想，但更偏{argument name=""艺术风格"" default=""电影海报与梦幻水彩插画融合风格""};柔和空气透视，轻雾化过波，纸张颗粒，边缘白与刷痕，大面积留白，版式克制高级，安静、宏大、神圣、怀旧、诗意、传说感。

风格、色彩、场景、材质全部根据主题自动适配，所有元素必须强绑定主题，一眼识别，不要杂乱，不要硬拼贴，不要模板化背景，不要廉价奇幻素材。如果有字体用英文。",https://youmind.com/zh-CN/prompts/epic-narrative-silhouette-poster-16836,CC BY 4.0,
YouMind web detail,海报 / 传单,史诗叙事剪影电影海报,"根据{argument name=""主题"" default=""红楼梦""}自动生成一张 收藏版史诗叙事海报，巨大优雅的{argument name=""角色"" default=""林黛玉""}人物侧脸剪影作为外轮廓，剪影内部自动生长出最契合该主题的完整世界观、标志性场景、角色关系、象征符号、关键建筑、生物、道具与氛围。整体不是普通拼贴，而是高级的剪影轮廓填充式叙事合成，带有双重曝光式联想，但强化为电影级叙事表达与空间调度。电影海报风格 + 东方现实主义美学融合，强调真实物理光影、镜头语言、空间纵深与叙事层级。光影采用电影级侧逆光与局部暖光点缀，冷暖对比克制真实，加入体积光与轻雾增强空间感。材质表现为真实质感（建筑、丝绸、肌肤、石材），避免纯绘画笔触感，保留柔和空气透视，但优化为电影级景深与焦点控制。轻微胶片颗粒，边缘飞白与刷痕改为电影式柔和融合过渡，大面积留白，版式克制高级，安静、宏大、克制、宿命感强的东方电影叙事。所有元素必须强绑定主题，一眼识别，不要杂乱，不要硬拼贴，不要模板化背景，不要廉价奇幻素材。",https://youmind.com/zh-CN/prompts/epic-narrative-silhouette-poster-15204,CC BY 4.0,
YouMind web detail,海报 / 传单,唐风美学 CG 插画,"{argument name=""风格"" default=""国风CG插画""}，唐风美学，{argument name=""人物设定"" default=""古代绝美女子""}，半身近景特写，画面重心聚焦面部与上半身，高级人像构图，电影级镜头语言与空间透视

人物设定：
东亚古典美人，冷白通透肌肤，细腻真实皮肤质感，柔润微光；
五官精致立体但自然不过度夸张，狭长凤眼，眼尾微挑，眼神含情带羞、微醺朦胧，长睫毛投下细微阴影；
唇色如胭脂晕染，微启唇，神态柔美而富有情绪张力，呈现“含蓄东方美”

造型设计：
粉色系华丽唐风服饰，轻柔贴合身体曲线，层次丰富但不过度堆叠；
适度低领设计，强调锁骨与颈肩线条，视觉引导自然不过分直白；
头戴精工凤冠（金属、珍珠、宝石、流苏），材质真实反光，随动作轻微摆动

动态与姿态：
身体微侧或轻旋转姿态，颈部延展，肩线舒展，手部形成柔性引导线，增强画面韵律与女性柔美张力

光影系统：
电影级布光
主光：暖金侧前方光聚焦面部与肌肤高光
辅光：冷色环境光塑造体积与空间
边缘光勾勒发丝与肩颈轮廓
高光控制不过曝，阴影保留细节，面部光影柔和过渡

画面风格：
超写实CG人像融合东方写意气韵，轻微朦胧美学

氛围与质感：
梦幻、含蓄、东方审美的高级氛围；
背景虚化，弱化环境强化人物；
轻微胶片颗粒+ 柔焦辉光，增强情绪与质感

色彩体系：
主色：胭脂粉、鎏金
辅色：冷青蓝灰
整体低饱和高质感，避免艳俗

镜头参数：
85mm portrait lens, f1.4–f2, shallow depth of field, cinematic framing

画质：
ultra detailed, 8K–16K, extreme detail, high resolution, cinematic lighting

比例：
{argument name=""比例"" default=""9:16""}",https://youmind.com/zh-CN/prompts/tang-dynasty-cg-portrait-14741,CC BY 4.0,
YouMind web detail,海报 / 传单,复古报纸头版,"生成一张{argument name=""报纸名称"" default=""xx报纸""}，根据这张照片可以编一个头版头条标题，像真实的摄影，复古质感",https://youmind.com/zh-CN/prompts/vintage-newspaper-front-page-15560,CC BY 4.0,
YouMind web detail,海报 / 传单,极简城市海报提示词,"新中式极简风格高端城市海报，{argument name=""比例"" default=""9:16""}竖版构图，以{argument name=""城市"" default=""广州""}为核心主题，画面中心为抽象几何化的广州塔，造型简洁但具有辨识度，

整体采用S型流动构图，从下方向上延展，珠江水系被设计为流动的水波纹与传统祥云纹样融合，环绕整个画面形成视觉动线，

广州地标建筑以“留白+线描+局部色块”的方式点缀其中：珠江新城双塔、猎德大桥、白云山轮廓、岭南骑楼，
传统与现代建筑自然融合，层次递进，远近虚实分明，

风格控制：极简 + 高级 + 东方意境，不杂乱不过度写实，

色彩方案（重点）：
{argument name=""色彩方案"" default=""中国红、青蓝、鎏金""}为主色，
辅以少量暖金高光点缀，形成强烈视觉冲击但不俗艳，

背景：大面积纯净留白或淡宣纸肌理，增强呼吸感与高级感，

细节：祥云与水纹具有轻微浮雕/烫金质感，
局部加入微光粒子或流动光线，增强现代感，

光影：柔和渐变光+局部高光，突出恢弘大气氛围，

整体风格：国潮高级插画 / 品牌海报级质感 / 8K / 超清细节",https://youmind.com/zh-CN/prompts/minimalist-geometric-city-poster-13486,CC BY 4.0,
YouMind web detail,海报 / 传单,武侠电影角色海报,电影角色海报，东方不败红衣饮酒，悬崖落日，武侠意境；东方不败绣花针如飞，红衣长发立于悬崖，黑木崖夕阳如血,https://youmind.com/zh-CN/prompts/dongfang-bubai-wuxia-poster-15187,CC BY 4.0,
YouMind web detail,海报 / 传单,都市少年漫画风格肖像,"请基于用户上传的真人照片进行二创，将照片中的人物转化成日系热血少年漫画风 / 都市街头动漫角色海报。

请保留每个人的真实身份特征，包括脸型、五官比例、发型基础、肤色、年龄感、体型关系和整体气质。请重新创作一张全新的全身动漫插画，让所有人物完整入镜，从头到脚都清晰可见。

画风参考：日系少年漫画彩页、都市街头动漫海报、干净有力的黑色线稿、明显动漫化五官、锋利有层次的发丝、清晰衣服褶皱、轻微铅笔草稿感、局部水彩或马克笔上色、低饱和色调、纸张纹理。

请为人物自由设计 {argument name=""穿搭风格"" default=""Tokyo street fashion""} 穿搭，风格年轻、松弛、酷感、现实可穿。可以使用 oversized 外套、短款上衣、宽松 T 恤、工装裤、阔腿裤、百褶裙、帆布鞋、厚底鞋、单肩包、耳机、项链、手机、咖啡杯等元素。多人画面中，穿搭需要有颜色或配饰呼应，但不要完全一样。

请自由设计更有动漫海报感的站位和姿势，不要普通并排合照。可以是一前一后、背靠背、走路抓拍、靠墙、坐在台阶与站立错位、一个看镜头一个看侧方、一个走在前面一个回头，整体要有角色关系和分镜感。

请根据人物气质、人数、姿势和穿搭，自由创作一个{argument name=""背景场景"" default=""日系都市漫画场景""}。可以是东京街头巷口、便利店门口、地铁站出口、旧公寓楼下、学校天台、街边楼梯、复古商店橱窗前、自动贩卖机旁、咖啡店外、夜晚路灯下、雨后街道、城市天桥下、旧海报墙、漫画感城市街区等。

背景可以加入线稿、喷绘、涂鸦、旧海报、门牌号、街头贴纸、手写文字、墨水滴落、箭头、星星、皇冠、小表情、砖墙、台阶、玻璃窗、路牌、自动贩卖机、栏杆、电线、街灯等元素。背景要有空间层次和生活感。

整体氛围：日系少年漫画、都市街头、青春、松弛、酷感、轻微叛逆、时尚杂志插画感、漫画彩页感。",https://youmind.com/zh-CN/prompts/shonen-manga-street-fashion-poster-18811,CC BY 4.0,
YouMind web detail,海报 / 传单,风景日历,"设计一张{argument name=""日期"" default=""2026年4月16日""}的{argument name=""内容"" default=""真实风景""}日历",https://youmind.com/zh-CN/prompts/scenic-landscape-calendar-13703,CC BY 4.0,
YouMind web detail,游戏素材,3D CG 家居自拍,"一位成年甜美系女性角色，3D CG 高精度渲染风格，9:16 竖版构图，人物躺在浅米色柔软沙发上，镜头从上方俯拍，画面带有轻微倾斜角度，形成亲密、自然、放松的居家视角。

人物身体斜向铺满画面，头部位于画面下方，双腿向画面上方自然抬起并微微弯曲，姿态慵懒、可爱、带有清爽的性感气质。她正安静地看向镜头，眼神明亮柔和，表情略带害羞与甜美，嘴唇微张，整体气质可爱、柔软、亲近，但保持高级克制。

她拥有精致柔和的东方五官，白皙通透的肌肤，肤质细腻，有柔和的高光与自然红润感。大而清澈的琥珀色眼睛，纤长睫毛，脸颊带淡淡粉色腮红，黑棕色短发自然散落在沙发上，发丝蓬松细腻，带阳光下的柔亮质感。

服装为清爽居家风：{argument name=""上衣"" default=""浅蓝白条纹短款吊带背心""}，露出纤细肩颈、锁骨、腰腹线条；下身穿{argument name=""下装"" default=""粉色运动短裤""}，腰部有白色抽绳；外搭一件{argument name=""外套"" default=""粉色宽松拉链外套""}，衣服自然滑落在沙发两侧，营造轻松随性的居家氛围。服装材质柔软，有细腻布料纹理、轻微褶皱和自然贴合感。

场景为明亮温暖的室内沙发角落，浅米色皮质或布艺沙发，背景有绿色植物，阳光从侧面照入，在沙发和人物肌肤上形成柔和明暗对比。整体光线温暖、通透、干净，带有午后阳光感，阴影柔和，画面色彩明亮，粉色、浅蓝、米白形成甜美清新的配色。

画面风格为高质量 3D CG 角色渲染，偏日系美少女审美但更加真实立体，精致建模，PBR 材质，细腻皮肤着色，柔和次表面散射，真实布料褶皱，电影级柔光，高清细节，干净背景，甜美、性感、可爱、居家、阳光、清爽、高级。",https://youmind.com/zh-CN/prompts/3d-cg-home-sweet-selfie-20045,CC BY 4.0,
YouMind web detail,游戏素材,AI 时尚对比海报,"创建一张横版 {argument name=""画幅"" default=""16:9""} {argument name=""布局"" default=""四格式""}时尚换装完整参考海报，适用于 AI 换装训练与商业展示。📐 版面布局（从左至右）：① 左格 —— Character（角色原型） 原始参考角色肖像，正面标准站姿，面部五官清晰可辨，发型与肤色真实自然，纯净浅灰色棚拍背景，专业人像摄影光效，半身至全身构图。② 中格 —— Outfit（穿搭平铺） 完整服装套组的精致平铺展示：上衣 / 外套 / 裤装或裙装 / 鞋履 / 包袋 / 配饰（腰带、帽子、首饰等），白色或浅米色无缝背景，商业产品级打光，每件单品边缘清晰，面料材质肌理清晰可见，按穿着逻辑从上至下有序排列。③ 右格 —— Result（换装效果） 同一角色穿着新服装的完整上身效果图，完美匹配原始角色的体型、肤色与面部特征，服装贴合身形自然，褶皱与垂感真实，光线与左格角色原图保持完全一致，姿态自然流畅，商业大片氛围。④ 右侧附加格 —— Pose Reference（姿势参考区） 六宫格小图排列，展示角色多角度姿态参考，具体包括：正面半身特写（强调表情与面部细节）、背面全身站立姿势（发型与服装背部细节）、侧面 45° 斜角站姿（轮廓线与侧颜）、蹲坐姿势（双手抱膝或其他自然动作）、跪姿或低角度回头姿态（动态感与戏剧张力）、特征性标志动作（角色专属的自然习惯姿势）🎨 整体视觉规格：画面比例：16:9 横版超宽构图、画质标准：4K Ultra HD，锐度极高，无噪点、背景风格：各格独立简洁棚拍背景，整体色调统一协调、光线处理：三段式专业影棚布光，四格之间光线方向与色温高度统一、摄影风格：{argument name=""风格"" default=""高级时尚大片""}美学，Vogue / Elle 商业广告级质感、材质表现：面料纹理、皮革光泽、金属配件反光均须真实还原、字体标注：各格底部居中标注英文标签，细线无衬线字体，低调优雅🎯 核心生成要求： 角色面部一致性 ≥ 95%｜服装上身贴合度真实自然｜四格视觉风格高度统一｜直出可用商业级图像",https://youmind.com/zh-CN/prompts/ai-fashion-try-on-comparison-18800,CC BY 4.0,
YouMind web detail,游戏素材,Scarlet Night 3D CG 人像,生成一张成年女性角色 3D CG 插画，整体风格为高级二次元 3D 角色渲染，9:16 竖版构图。画面中是一位成年东方幻想系女性角色，躺在柔软的床铺上，头部轻轻陷在浅蓝色枕头中，镜头从上方微俯视拍摄，构图为上半身近景人像。人物位于画面中央，画面重点表现她精致的面容、鲜艳红发、柔和眼神、肩颈线条、锁骨线条与成熟丰腴的女性体态。整体氛围温柔、暧昧但克制，高级、细腻、梦幻。角色拥有精致柔和的东方幻想系五官，白皙通透的肌肤，肤质细腻柔滑，带有自然柔光与细腻高光。脸颊带淡淡红晕，眼睛为粉紫色瞳孔，眼神柔和、湿润、安静，带有轻微羞涩感。嘴唇自然微张，表情温柔、甜美、略带慵懒气质。一只手自然靠近唇边，手势轻柔，不做夸张挑逗动作。人物体态为成熟丰腴型，肩部圆润柔和，锁骨清晰但不夸张，胸部线条自然饱满，腰部有柔和收束感，整体呈现健康、柔软、圆润、优雅的女性美。身体比例自然协调，不夸张、不畸形，强调高级角色设计中的成熟魅力与柔美曲线。发型为高饱和鲜艳红色长发，头顶扎高马尾，马尾由深色发饰固定，刘海自然垂落，部分发丝轻轻遮住额头与脸侧。长发在枕头上自然铺散，发丝蓬松顺滑，层次丰富，边缘带有细腻高光，呈现高质量 3D CG 发丝质感。服装为黑色缎面质感的高级居家吊带睡裙 / 露肩家居连衣裙，设计简洁优雅，带有精致黑色蕾丝花边。服装贴合身体但不过度紧绷，布料柔软自然，呈现丝滑反光、轻微褶皱与真实织物质感。领口设计优雅克制，展现肩颈、锁骨与成熟曲线，整体更像高级角色立绘与精致居家时尚写真。背景为柔软床铺、浅蓝色枕头与简洁卧室环境，背景虚化，不加入复杂杂物。光影采用柔和室内光，冷蓝与暖白混合照明，突出皮肤的通透感、头发的光泽感与黑色缎面服装的高级质感。整体画面干净、精致、细腻，具有高质量 3D CG 动漫角色宣传图质感。,https://youmind.com/zh-CN/prompts/scarlet-night-3d-portrait-21536,CC BY 4.0,
YouMind web detail,游戏素材,像素风游戏概念提示词,"{argument name=""主题"" default=""爱情公寓""} 电视剧主题 像素养成类游戏概念图，包括 场景全局内容，周围环绕各人物形象三视图，底部是场景特写，右下角是剧情梗概",https://youmind.com/zh-CN/prompts/pixel-art-cultivation-game-concept-15922,CC BY 4.0,
YouMind web detail,游戏素材,角色资产设计卡,基于上传的图像创建一个角色设计图。设计：角色简介海报。包括：1. 大型主肖像 2. 各种面部表情（开心、生气、困倦、惊讶等等）3. 动作姿势（跑步、玩耍）（基于个性） 4. 小型物体图标 5. 配色方案部分 6. 简介部分，包括名称和个性,https://youmind.com/zh-CN/prompts/character-design-poster-16262,CC BY 4.0,
YouMind web detail,游戏素材,黄金圣斗士 12 宫卡片网格,"生成圣斗士星矢12个黄金圣斗士的12宫格卡牌图片，每张卡牌上写上对应的中文名，每行4个，宽高比{argument name=""比例"" default=""16:9""}。",https://youmind.com/zh-CN/prompts/gold-saints-card-grid-14131,CC BY 4.0,可能包含品牌/IP引用
YouMind web detail,漫画 / 故事板,专业动漫电影级项目,"一份专业的动漫院线分镜头（16：9），标题为《{argument name=""标题"" default=""天空之击""}》，副标题为“{argument name=""副标题"" default=""战士与圣石""}”。干净的浅米色背景，圆角矩形面板排列成三列网格，共 9 个场景。每个场景面板显示：橙色“场景 XX”标签、时间码、场景标题，然后是两个并排的画面，分别标有“开始帧”→“结束帧”，通过白色箭头连接，下面有注释（镜头/对白/特效/动作）。艺术风格：清晰的卡通渲染 {argument name=""画风"" default=""新海诚的×工作室机智，×进击的巨人""}——柔和的画风光线、立体云朵、温暖的金色阳光、电影般的广角镜头、动态动作姿势、浓郁的天蓝和翡翠绿调，搭配黄铜和铜色点缀。需要描绘的场景：1. 广角景——一艘雄伟的蒸汽朋克飞艇，黄铜螺旋桨和飘扬的帆，在高空穿透积云海洋（慢速无人机推入）2.低角度特写一名女战士的靴子和交叉的双腿悬挂在飞艇木制栏杆上，风中头发飘动（静电→微微向上倾斜） 3.鸟瞰视角俯瞰栏杆下方：广阔的翡翠山谷，蜿蜒的河流和远处一个茅草屋顶的小中世纪村庄（眩晕变焦）4.飞艇桥内部——海盗船长戴着三角帽和长大衣，举着一块比蛋稍大、发着蓝光的圣石，脸上有耀眼的青色光（中→石头放大）5.甲板上的船员发现入侵者——一名满脸胡渣的海盗举起一把黄铜中世纪左轮手枪对准她，其他人震惊地转身（两枪→跟着瞄准）6.子弹飞行中极近距离，旋转穿过空中，伴随着运动模糊和烟雾轨迹，朝栏杆方向飞去（子弹时间追踪镜头）7.栏杆——空的。 她被放置的地方什么都没有，子弹穿过空气（快速剪辑，杂音）8。女战士在空中优雅地做月面翻身，背景是明亮的天空，头发和斗篷在动作中拖曳（慢动作，宽→近）9。着陆镜头——她悄无声息地在射手身后降落，低蹲着，手放在剑柄上，海盗转身半空震惊僵住（低角度→对峙） 底部部分包括：“关键角色”一行，有 4 个角色肖像（女战士、海盗船长、射手海盗、一名船员）;一个“音调与方向”盒子（动态动作、风和云粒子，吉卜力风格的奇观与武士的强烈情感）;“音乐与特效计划”时间线（环境风→紧张弦乐→子弹→→沉默）;以及“技术规格”盒装（30 秒，16：9 1920×1080,24 帧，全彩，mp4 H.264）。布局：简洁的信息图，细边框，粉彩色格，每帧内高度细致的动漫关键视觉，专业制作文档美学。",https://youmind.com/zh-CN/prompts/anime-storyboard-grid-15216,CC BY 4.0,
YouMind web detail,漫画 / 故事板,斯堪的纳维亚极简风格儿童插画,"将照片转换为精致的{argument name=""插画风格"" default=""极简手绘儿童插画""}，具有柔和的童话美感。使用简单的细长形状、细薄的不完美手绘线条、扁平的粉彩色、最少细节，以及具有红润脸颊、微小面部特征和简化解剖结构的可爱娃娃角色风格。

添加微妙的{argument name=""表面纹理"" default=""纸质纹理""}、柔软的铅笔和粉彩阴影、水彩柔和感，以及干净的白色背景配小星星或闪光。

服装采用有趣的故事书风格，简化的形状和温柔的装饰细节。整体氛围应该感觉通透、舒适、天真和迷人，如现代斯堪的纳维亚风格托儿所明信片或儿童书插画。

避免照相写实主义、3D、电影灯光、光泽表面、复杂阴影、逼真解剖和超级细节。",https://youmind.com/zh-CN/prompts/minimalist-hand-drawn-child-art-21681,CC BY 4.0,
YouMind web detail,社交媒体帖子,3D 屏幕破屏时尚广告,"动态的豪华商业广告海报，特色是超现实3D渲染的充满活力的年轻女性，以上传的女性面部作为参考，穿着高级{argument name=""衣服颜色"" default=""亮橙色""}设计师服装、豪华配饰以及时尚的金色墨镜，自信地从一个巨大的金色智能手机屏幕中爆发出色。她的姿势有力且时尚，一只运动鞋通过强烈的强制透视戏剧性地穿过数字显示屏，踏入现实。

构图在前台强调她{argument name=""运动鞋颜色"" default=""白色""}豪华运动鞋，带有纹理口香糖鞋底，通过电影般的广角镜头失真和浅景深增强。漂浮的闪亮3D社交媒体图标、金色几何元素和豪华品牌图形环绕着她，营造出高端影响者营销美学。

明亮的摄影棚灯光营造出充满活力的优质促销氛围，金属金色手机边缘的丰富反射与哑光织物质地形成对比。主导的橙色、白色和金色调色板传递出超现代豪华X / Twitter 广告氛围。干净的白色背景上带有大胆的编辑排版、优质软件品牌元素、优雅的UI图形、漂浮的互动图标以及时尚的二维码区域。

超现实8K品质、电影般的阴影、精致的商业艺术指导、豪华女性能量、时尚营销美学、现代社交媒体品牌、闪亮反射以及高端数字广告风格。

宽高比：3:4。",https://youmind.com/zh-CN/prompts/3d-smartphone-burst-fashion-ad-19060,CC BY 4.0,
YouMind web detail,社交媒体帖子,Albedo Cosplay Instagram 快照,"風格：截取一張{argument name=""角色"" default=""雅兒貝德""}cos的ins快拍寫真；內容：{argument name=""動作"" default=""蹲在地上正對鏡頭，雙手做誇張叛逆手勢，翻白眼，表情囂張又不屑""}",https://youmind.com/zh-CN/prompts/albedo-rebellious-cosplay-snapshot-14347,CC BY 4.0,
YouMind web detail,社交媒体帖子,Bilibili 直播场景,"9:16 的图片，生成一张{argument name=""平台"" default=""哔哩哔哩""}直播的截图，里面是 {argument name=""人物"" default=""户晨风""}在直播，户晨风表情开心，手里拿着牌子，牌子里写着 “{argument name=""文字"" default=""Austin总太性情了，大家给Austin总点点关注。""}”",https://youmind.com/zh-CN/prompts/bilibili-streamer-holding-sign-13718,CC BY 4.0,
YouMind web detail,社交媒体帖子,GPT-Image-2 创意提示词列表,"1、生成{argument name=""角色"" default=""不知火舞和貂蝉""}的游戏对战海报图
2、生成一张{argument name=""团体类型"" default=""K-pop团体""}时尚专辑封面
3、请你生成 《{argument name=""作品名"" default=""斗破苍穹""}》 的关键人物关系图
4、帮我截一张上传图片的抖音首页的女网红图",https://youmind.com/zh-CN/prompts/game-poster-album-cover-character-chart-14334,CC BY 4.0,可能包含品牌/IP引用
YouMind web detail,社交媒体帖子,Instagram Cosplay 快拍快照,"风格：截取一张{argument name=""角色"" default=""雅儿贝德 cos""} 的 ins 快拍写真
- 内容：{argument name=""姿势"" default=""蹲在地上正对镜头""}，双手做夸张叛逆手势，翻白眼，表情嚣张又不屑",https://youmind.com/zh-CN/prompts/instagram-story-rebel-cosplay-15197,CC BY 4.0,
YouMind web detail,社交媒体帖子,Realistic Accidental Selfie Persona,"ChatGPT，你陪我段时间了，我想看看你的样子。请成一张类似你iPhone随拍的照：没有明确主题、没有刻意构图，只是很普通、甚至有点失败的快照。照略带运动模糊，光线不均、轻微曝光过度，角度尴尬，构图混乱，整体呈现出一种“过于真实的随手一拍感""，就像是从口袋里拿出手机不小心按到的自拍",https://youmind.com/zh-CN/prompts/realistic-accidental-iphone-selfie-18069,CC BY 4.0,可能包含品牌/IP引用
YouMind web detail,社交媒体帖子,写实风格沙滩装人像提示词公式,"沙滩装，{argument name=""气质风格"" default=""清纯感""}，S 曲线，写实风格",https://youmind.com/zh-CN/prompts/realistic-beachwear-portrait-formula-21318,CC BY 4.0,
YouMind web detail,社交媒体帖子,古风美女直播场景,"{argument name=""角色"" default=""李师师""}直播间，古风美人琵琶弹唱，弹幕全刷""{argument name=""弹幕内容"" default=""打赏一万""}""",https://youmind.com/zh-CN/prompts/ancient-beauty-livestream-comments-14763,CC BY 4.0,
YouMind web detail,社交媒体帖子,奥运体操赛事转播,"{argument name=""频道"" default=""中央电视台 CCTV5""} 直播画面，我正在参加{argument name=""赛事"" default=""奥运会体操比赛""}，站在平衡木上面。",https://youmind.com/zh-CN/prompts/olympic-gymnast-live-broadcast-20046,CC BY 4.0,
YouMind web detail,社交媒体帖子,影视剧剧照提示词,"电视剧官方剧照，{argument name=""题材"" default=""古装奇幻""}题材《{argument name=""剧名"" default=""蛊月照归人""}》，苗疆蛊灵{argument name=""角色"" default=""少女""}，图一主角同款面容与五官气质，真实东方少女，苍白柔润透亮的肌肤，黑发如瀑，发间簪着白色山花与银饰流苏，耳侧垂落精致苗疆银饰，浅青白纱古风长裙，轻薄纱袖与细腻刺绣，站在苗疆禁林深处回眸，眼神安静却藏着宿命感，神情克制，带一点若有若无的悲悯与冷艳，夜色幽蓝，山林潮湿，薄雾弥漫，古木盘根错节，背景深处有幽微蛊火与模糊祭坛残影，空气中漂浮细小发光蛊虫与银蓝色蝶影，发丝和衣摆被山风轻轻吹起，电影级光影，冷蓝月光混合柔和火光，面部轮廓被微弱侧逆光勾亮，景深明显，真实电视剧拍摄质感，超写实，皮肤质感细腻自然，情绪浓烈但克制，镜头语言像爆款古装剧海报剧照，画面高级、神秘、凄自然，情绪浓烈但克制，镜头语言像爆款古装剧海报剧照，画面高级、神秘、凄美、危险，摄影棚级控光结合实景森林氛围，85mm电影镜头，浅景深，背景虚化，电影剧照，high detail，ultra realistic，cinematic still，dramatic composition，4K，ArtStation级完成度",https://youmind.com/zh-CN/prompts/eastern-fantasy-tv-still-13871,CC BY 4.0,
YouMind web detail,社交媒体帖子,怀旧度假 iPhone 快照网格,"4x4 网格，由 iPhone 拍摄的一对{argument name=""主体"" default=""年轻情侣""}在度假时的抓拍怀旧照片，包含彼此自拍和一起自拍。大量镜头抖动、业余构图，以及充满情绪感的复古氛围。",https://youmind.com/zh-CN/prompts/nostalgic-vacation-iphone-snapshot-grid-16532,CC BY 4.0,可能包含品牌/IP引用
YouMind web detail,社交媒体帖子,抖音直播截图,"9:16的图片比例，生成一个{argument name=""平台"" default=""抖音""}直播的截图 里面是一个{argument name=""主体"" default=""美女""}在直播，美女手里拿着牌子，上面写着：{argument name=""文字"" default=""谢谢Gorden Sun的大火箭！""}",https://youmind.com/zh-CN/prompts/douyin-live-message-board-13719,CC BY 4.0,可能包含品牌/IP引用
YouMind web detail,社交媒体帖子,抖音直播间界面,"生成{argument name=""平台"" default=""抖音""}直播间界面，内容是一个{argument name=""主角"" default=""美女""}在直播",https://youmind.com/zh-CN/prompts/douyin-live-stream-interface-13976,CC BY 4.0,可能包含品牌/IP引用
YouMind web detail,社交媒体帖子,拙劣的 MS Paint 重绘风格,用最笨拙、最潦草、最可悲的方式重新绘制这张图片。使用白色背景，让它看起来像是用滑鼠在 MS Paint 里画的。它应该隐约相似，但又不太像。有点对得上，但又莫名地偏差，带着那种低画质、一个像素一个像素慢慢画的感觉，真正强调出它究竟有多荒谬地糟糕。算了，你知道吗，随便啦，你想怎么画就怎么画吧。,https://youmind.com/zh-CN/prompts/clumsy-ms-paint-redraw-style-17558,CC BY 4.0,
YouMind web detail,社交媒体帖子,明朝社交媒体帖子,"创建一个{argument name=""朝代人物"" default=""明朝朱元璋""}{argument name=""事件"" default=""登基""}之后的X帖子页面",https://youmind.com/zh-CN/prompts/ming-dynasty-x-post-13717,CC BY 4.0,
YouMind web detail,社交媒体帖子,梗图生成提示词,"经典影视角色鬼畜表情包，配上""{argument name=""文字"" default=""你说的都对""}""文字气泡",https://youmind.com/zh-CN/prompts/classic-movie-meme-text-14752,CC BY 4.0,
YouMind web detail,社交媒体帖子,电影感雨夜公交车站提示词,"在雨夜的城市公交站台，一位{argument name=""人物"" default=""年轻成年女性""}独自站在昏黄路灯和公交站灯箱下，微微低头看手机，没有看向镜头，展现自然等待的状态。她穿着{argument name=""着装"" default=""浅色薄外套、深色半裙和白色运动鞋""}，长发自然垂落，一只手拿着手机，另一只手轻握透明雨伞。人物位于画面右侧三分之一的位置，左侧有模糊的前景遮挡，像从街边人群或车窗边缘偶然看到的一瞬间。公交站牌、广告灯箱、路灯杆和雨伞边缘形成清晰的竖向与斜向线条，引导视线。地面有雨水反光，远处车灯和霓虹被虚化成柔和光斑。整体为冷蓝色雨夜环境与暖黄色路灯混合的真实城市光线，柔和顶光和侧光，没有强烈摆拍感。浅景深使主体清晰，背景略微虚化，画面带真实相机颗粒感、轻微运动模糊和不完美构图，呈现随手抓拍的真实瞬间。照片风格真实自然，非写真、非广告大片，无文字水印。",https://youmind.com/zh-CN/prompts/rainy-night-bus-stop-candid-15926,CC BY 4.0,可能涉及Logo/标识
YouMind web detail,社交媒体帖子,自然海滩度假风人像,"写实风格，超高精细。20岁出头的成年女性，{argument name=""发色"" default=""黑色自然长发""}，透明感的光亮肌肤，自然微笑，可爱而华丽的面容。背景是南国度假村海滩附近的小路，白沙、椰子树、南国的绿植，远处可见蓝色大海。女性穿着{argument name=""泳装颜色"" default=""淡粉色系""}的优雅比基尼，S曲线。清纯而凉爽的氛围。她一边在小路上行走，一边回头，自然地对着镜头微笑。人物在画面中占据较大比例，背景柔和虚化。整体印象是清爽的私服风格。不添加任何文字或标志。注重优雅、透明感和高好感度的氛围。",https://youmind.com/zh-CN/prompts/beach-resort-natural-portrait-21531,CC BY 4.0,
YouMind web detail,社交媒体帖子,英伦魔法学院毕业肖像,"请基于用户上传的 1-3 张清晰个人照片，**一次性生成 4 张不同的单独精修毕业写真照片**，主题为：**「英伦魔法学院毕业写真」**

### 【输出要求】
- 一次性输出 **4 张不同的单独照片**
- 不要做四宫格，不要拼图
- 每张图都是独立成片
- 每张图统一为 **3:4 竖构图**
- 4 张图属于同一组完整写真，人物、服饰、妆造、色彩体系保持统一
- 但每张图的 **表情、动作、姿态、视线、镜头角度、道具互动** 必须明显不同

### 【人物一致性】
请严格保留用户本人真实身份特征，包括：脸型、五官比例、眼睛、鼻子、嘴唇、肤色、年龄感、发型基础、整体气质。4 张图里都必须清楚看起来是 **同一个真实女生**。

### 【整体定位】
毕业 + 学院感 + 魔法世界观。“像刚从英伦魔法学院毕业的优等生，在毕业典礼前后留下的一组纪念肖像。”

### 【服饰要求】
服装请采用 **“学院毕业袍 + 魔法元素”** 的设计逻辑。根据 {argument name=""学位等级"" default=""学士""} 自然区分层级气质。根据 {argument name=""学院主配色"" default=""酒红金""} 统一色彩细节。

### 【帽子设计】
帽子必须保留 **学位帽基础结构**，同时加入克制的魔法学院元素，保留流苏，帽檐可加入学院徽章。

### 【场景与背景】
场景请围绕 **英伦魔法学院** 的世界观展开。请从 {argument name=""背景主场景"" default=""古堡走廊""} 中统一选择一个主要场景。

### 【色彩与光线】
深木色、暗红、墨绿等体系。光线使用窗边冷光 + 烛光暖光混合，具有电影截图感。",https://youmind.com/zh-CN/prompts/magic-academy-graduation-portraits-20227,CC BY 4.0,
YouMind web detail,社交媒体帖子,趣味聊天应用截图提示词,"微信聊天截图，{argument name=""场景"" default=""群聊里老板突然发红包的搞笑对话界面""}",https://youmind.com/zh-CN/prompts/funny-wechat-red-envelope-14745,CC BY 4.0,
YouMind web detail,社交媒体帖子,身穿超大号背心做俯卧撑的女孩,"图中{argument name=""人物"" default=""女生""}，穿着胸口宽松的男士6L{argument name=""上衣"" default=""意大利面肩带有点敞开的背心""}和{argument name=""下装"" default=""短裤""}做俯卧撑",https://youmind.com/zh-CN/prompts/girl-pushups-oversized-tank-top-20546,CC BY 4.0,
